step,system_total_stopped,system_total_waiting_time,system_mean_waiting_time,system_mean_speed,system_total_CO2_emissions_mg,system_total_fuel_consumption_mg,1581783926_stopped,1581783926_accumulated_waiting_time,1581783926_average_speed,17199686_stopped,17199686_accumulated_waiting_time,17199686_average_speed,1840155828_stopped,1840155828_accumulated_waiting_time,1840155828_average_speed,2108719976_stopped,2108719976_accumulated_waiting_time,2108719976_average_speed,214620430_stopped,214620430_accumulated_waiting_time,214620430_average_speed,243351999_stopped,243351999_accumulated_waiting_time,243351999_average_speed,25579778_stopped,25579778_accumulated_waiting_time,25579778_average_speed,267380207_stopped,267380207_accumulated_waiting_time,267380207_average_speed,267517510_stopped,267517510_accumulated_waiting_time,267517510_average_speed,271405446_stopped,271405446_accumulated_waiting_time,271405446_average_speed,272514267_stopped,272514267_accumulated_waiting_time,272514267_average_speed,279014956_stopped,279014956_accumulated_waiting_time,279014956_average_speed,279299817_stopped,279299817_accumulated_waiting_time,279299817_average_speed,292572205_stopped,292572205_accumulated_waiting_time,292572205_average_speed,30503255_stopped,30503255_accumulated_waiting_time,30503255_average_speed,306484190_stopped,306484190_accumulated_waiting_time,306484190_average_speed,308900438_stopped,308900438_accumulated_waiting_time,308900438_average_speed,31065768_stopped,31065768_accumulated_waiting_time,31065768_average_speed,321324256_stopped,321324256_accumulated_waiting_time,321324256_average_speed,321325405_stopped,321325405_accumulated_waiting_time,321325405_average_speed,3214665956_stopped,3214665956_accumulated_waiting_time,3214665956_average_speed,335525545_stopped,335525545_accumulated_waiting_time,335525545_average_speed,39732721_stopped,39732721_accumulated_waiting_time,39732721_average_speed,432411761_stopped,432411761_accumulated_waiting_time,432411761_average_speed,4330799728_stopped,4330799728_accumulated_waiting_time,4330799728_average_speed,476075018_stopped,476075018_accumulated_waiting_time,476075018_average_speed,498468294_stopped,498468294_accumulated_waiting_time,498468294_average_speed,5572889449_stopped,5572889449_accumulated_waiting_time,5572889449_average_speed,7009179660_stopped,7009179660_accumulated_waiting_time,7009179660_average_speed,7616444534_stopped,7616444534_accumulated_waiting_time,7616444534_average_speed,7623669975_stopped,7623669975_accumulated_waiting_time,7623669975_average_speed,7627056291_stopped,7627056291_accumulated_waiting_time,7627056291_average_speed,7628244053_stopped,7628244053_accumulated_waiting_time,7628244053_average_speed,89129103_stopped,89129103_accumulated_waiting_time,89129103_average_speed,cluster_1031988642_2230685474_267289885_3051759901_305519243_7617786208_7622194984_937878779_stopped,cluster_1031988642_2230685474_267289885_3051759901_305519243_7617786208_7622194984_937878779_accumulated_waiting_time,cluster_1031988642_2230685474_267289885_3051759901_305519243_7617786208_7622194984_937878779_average_speed,cluster_1041665625_1195228772_1387938772_1387938773_1387938778_1387938791_1387938793_1387938796_1757124361_1757124367_1757124394_32564126_stopped,cluster_1041665625_1195228772_1387938772_1387938773_1387938778_1387938791_1387938793_1387938796_1757124361_1757124367_1757124394_32564126_accumulated_waiting_time,cluster_1041665625_1195228772_1387938772_1387938773_1387938778_1387938791_1387938793_1387938796_1757124361_1757124367_1757124394_32564126_average_speed,cluster_1193967973_2117568679_271666695_319229058_stopped,cluster_1193967973_2117568679_271666695_319229058_accumulated_waiting_time,cluster_1193967973_2117568679_271666695_319229058_average_speed,cluster_1200363833_1200363844_1200364014_1200364088_274083968_305559042_305559046_7593410996_stopped,cluster_1200363833_1200363844_1200364014_1200364088_274083968_305559042_305559046_7593410996_accumulated_waiting_time,cluster_1200363833_1200363844_1200364014_1200364088_274083968_305559042_305559046_7593410996_average_speed,cluster_1242175752_1840503577_1840503583_stopped,cluster_1242175752_1840503577_1840503583_accumulated_waiting_time,cluster_1242175752_1840503577_1840503583_average_speed,cluster_1242949438_2230504053_2230685419_2230685443_271787024_321573214_321573215_359022505_4622372941_7622194980_7622194981_7622194982_7622194983_89129156_stopped,cluster_1242949438_2230504053_2230685419_2230685443_271787024_321573214_321573215_359022505_4622372941_7622194980_7622194981_7622194982_7622194983_89129156_accumulated_waiting_time,cluster_1242949438_2230504053_2230685419_2230685443_271787024_321573214_321573215_359022505_4622372941_7622194980_7622194981_7622194982_7622194983_89129156_average_speed,cluster_1270380467_1270380469_1270380471_stopped,cluster_1270380467_1270380469_1270380471_accumulated_waiting_time,cluster_1270380467_1270380469_1270380471_average_speed,cluster_1379976907_1418778465_1434862832_1434862833_1497476927_1501766404_1993601939_2167318871_5458679537_5458679538_stopped,cluster_1379976907_1418778465_1434862832_1434862833_1497476927_1501766404_1993601939_2167318871_5458679537_5458679538_accumulated_waiting_time,cluster_1379976907_1418778465_1434862832_1434862833_1497476927_1501766404_1993601939_2167318871_5458679537_5458679538_average_speed,cluster_13876315_20921026_2363220623_476074973_476074977_476074983_stopped,cluster_13876315_20921026_2363220623_476074973_476074977_476074983_accumulated_waiting_time,cluster_13876315_20921026_2363220623_476074973_476074977_476074983_average_speed,cluster_13876325_281116670_stopped,cluster_13876325_281116670_accumulated_waiting_time,cluster_13876325_281116670_average_speed,cluster_1387938663_1387938676_1387938692_1387938693_1757124350_1757124352_255881112_7593411008_stopped,cluster_1387938663_1387938676_1387938692_1387938693_1757124350_1757124352_255881112_7593411008_accumulated_waiting_time,cluster_1387938663_1387938676_1387938692_1387938693_1757124350_1757124352_255881112_7593411008_average_speed,cluster_1389744657_1791639531_243780145_stopped,cluster_1389744657_1791639531_243780145_accumulated_waiting_time,cluster_1389744657_1791639531_243780145_average_speed,cluster_1416087225_1416087251_1416087290_1416087318_266812023_479277646_stopped,cluster_1416087225_1416087251_1416087290_1416087318_266812023_479277646_accumulated_waiting_time,cluster_1416087225_1416087251_1416087290_1416087318_266812023_479277646_average_speed,cluster_1418777922_1418777925_243630666_stopped,cluster_1418777922_1418777925_243630666_accumulated_waiting_time,cluster_1418777922_1418777925_243630666_average_speed,cluster_1423242652_1815670962_1815670964_89173763_stopped,cluster_1423242652_1815670962_1815670964_89173763_accumulated_waiting_time,cluster_1423242652_1815670962_1815670964_89173763_average_speed,cluster_1427080610_1427080612_1427080621_1427080654_1840464676_2291353499_2291353500_2525814176_6681347680_89130928_stopped,cluster_1427080610_1427080612_1427080621_1427080654_1840464676_2291353499_2291353500_2525814176_6681347680_89130928_accumulated_waiting_time,cluster_1427080610_1427080612_1427080621_1427080654_1840464676_2291353499_2291353500_2525814176_6681347680_89130928_average_speed,cluster_1434862767_1434862773_320621276_stopped,cluster_1434862767_1434862773_320621276_accumulated_waiting_time,cluster_1434862767_1434862773_320621276_average_speed,cluster_1438846501_1438846509_1834036292_26288878_stopped,cluster_1438846501_1438846509_1834036292_26288878_accumulated_waiting_time,cluster_1438846501_1438846509_1834036292_26288878_average_speed,cluster_1442150396_1834171725_290100048_7616444540_stopped,cluster_1442150396_1834171725_290100048_7616444540_accumulated_waiting_time,cluster_1442150396_1834171725_290100048_7616444540_average_speed,cluster_1442150432_1442208008_266359531_7625163215_stopped,cluster_1442150432_1442208008_266359531_7625163215_accumulated_waiting_time,cluster_1442150432_1442208008_266359531_7625163215_average_speed,cluster_1443568616_310280199_365519573_stopped,cluster_1443568616_310280199_365519573_accumulated_waiting_time,cluster_1443568616_310280199_365519573_average_speed,cluster_148517293_2108758054_stopped,cluster_148517293_2108758054_accumulated_waiting_time,cluster_148517293_2108758054_average_speed,cluster_1500083093_1500083101_1507566574_267783912_stopped,cluster_1500083093_1500083101_1507566574_267783912_accumulated_waiting_time,cluster_1500083093_1500083101_1507566574_267783912_average_speed,cluster_1509951406_1757370784_1757370785_1840464471_2046459353_2046459354_2338014823_243749571_6660364372_stopped,cluster_1509951406_1757370784_1757370785_1840464471_2046459353_2046459354_2338014823_243749571_6660364372_accumulated_waiting_time,cluster_1509951406_1757370784_1757370785_1840464471_2046459353_2046459354_2338014823_243749571_6660364372_average_speed,cluster_1517542714_2046445409_2046445411_2125534786_497590081_6681347642_7590327512_7590327526_7590327546_89127267_stopped,cluster_1517542714_2046445409_2046445411_2125534786_497590081_6681347642_7590327512_7590327526_7590327546_89127267_accumulated_waiting_time,cluster_1517542714_2046445409_2046445411_2125534786_497590081_6681347642_7590327512_7590327526_7590327546_89127267_average_speed,cluster_1540767879_1540767896_1540767903_2118007010_271666614_335551641_3836171504_3836171505_98101360_stopped,cluster_1540767879_1540767896_1540767903_2118007010_271666614_335551641_3836171504_3836171505_98101360_accumulated_waiting_time,cluster_1540767879_1540767896_1540767903_2118007010_271666614_335551641_3836171504_3836171505_98101360_average_speed,cluster_1542094095_1993435751_25633338_3048861139_3048861140_312005795_stopped,cluster_1542094095_1993435751_25633338_3048861139_3048861140_312005795_accumulated_waiting_time,cluster_1542094095_1993435751_25633338_3048861139_3048861140_312005795_average_speed,cluster_1723628631_1723628632_1723628635_1723628638_1834131513_1834131530_7616444542_7616444543_7616444546_stopped,cluster_1723628631_1723628632_1723628635_1723628638_1834131513_1834131530_7616444542_7616444543_7616444546_accumulated_waiting_time,cluster_1723628631_1723628632_1723628635_1723628638_1834131513_1834131530_7616444542_7616444543_7616444546_average_speed,cluster_1757124433_1839790474_1839790475_1840155803_255883212_stopped,cluster_1757124433_1839790474_1839790475_1840155803_255883212_accumulated_waiting_time,cluster_1757124433_1839790474_1839790475_1840155803_255883212_average_speed,cluster_1795399122_1852723938_1852723941_1852723942_21532605_2337351260_975729494_stopped,cluster_1795399122_1852723938_1852723941_1852723942_21532605_2337351260_975729494_accumulated_waiting_time,cluster_1795399122_1852723938_1852723941_1852723942_21532605_2337351260_975729494_average_speed,cluster_1833941945_1833941950_1833941953_32564122_stopped,cluster_1833941945_1833941950_1833941953_32564122_accumulated_waiting_time,cluster_1833941945_1833941950_1833941953_32564122_average_speed,cluster_1833965782_1833965795_1833965806_1833965819_1833965827_1833965832_32564118_371775504_371781950_stopped,cluster_1833965782_1833965795_1833965806_1833965819_1833965827_1833965832_32564118_371775504_371781950_accumulated_waiting_time,cluster_1833965782_1833965795_1833965806_1833965819_1833965827_1833965832_32564118_371775504_371781950_average_speed,cluster_1834036285_26288876_stopped,cluster_1834036285_26288876_accumulated_waiting_time,cluster_1834036285_26288876_average_speed,cluster_1840038403_1840038404_1840038405_1840038406_255881238_89173808_stopped,cluster_1840038403_1840038404_1840038405_1840038406_255881238_89173808_accumulated_waiting_time,cluster_1840038403_1840038404_1840038405_1840038406_255881238_89173808_average_speed,cluster_1840209242_243641585_7615917758_7615917760_stopped,cluster_1840209242_243641585_7615917758_7615917760_accumulated_waiting_time,cluster_1840209242_243641585_7615917758_7615917760_average_speed,cluster_1840464316_30503246_311487342_7610014924_stopped,cluster_1840464316_30503246_311487342_7610014924_accumulated_waiting_time,cluster_1840464316_30503246_311487342_7610014924_average_speed,cluster_1840464375_32564065_7380517175_stopped,cluster_1840464375_32564065_7380517175_accumulated_waiting_time,cluster_1840464375_32564065_7380517175_average_speed,cluster_1840464645_321328875_stopped,cluster_1840464645_321328875_accumulated_waiting_time,cluster_1840464645_321328875_average_speed,cluster_1840464736_1840464743_382978821_60044051_stopped,cluster_1840464736_1840464743_382978821_60044051_accumulated_waiting_time,cluster_1840464736_1840464743_382978821_60044051_average_speed,cluster_1851982706_2119320674_2119320675_251004775_3405515861_3994069657_89180081_stopped,cluster_1851982706_2119320674_2119320675_251004775_3405515861_3994069657_89180081_accumulated_waiting_time,cluster_1851982706_2119320674_2119320675_251004775_3405515861_3994069657_89180081_average_speed,cluster_1852696865_1852696866_249179882_stopped,cluster_1852696865_1852696866_249179882_accumulated_waiting_time,cluster_1852696865_1852696866_249179882_average_speed,cluster_1863241610_1863241614_1863241632_1863241633_1863241635_1863241638_1863241639_1863241641_1870520994_7705782706_stopped,cluster_1863241610_1863241614_1863241632_1863241633_1863241635_1863241638_1863241639_1863241641_1870520994_7705782706_accumulated_waiting_time,cluster_1863241610_1863241614_1863241632_1863241633_1863241635_1863241638_1863241639_1863241641_1870520994_7705782706_average_speed,cluster_195635333_271482952_271662929_89129116_stopped,cluster_195635333_271482952_271662929_89129116_accumulated_waiting_time,cluster_195635333_271482952_271662929_89129116_average_speed,cluster_2046445399_674241651_stopped,cluster_2046445399_674241651_accumulated_waiting_time,cluster_2046445399_674241651_average_speed,cluster_2108719632_2108719645_2337351143_249398320_308906206_7707481398_stopped,cluster_2108719632_2108719645_2337351143_249398320_308906206_7707481398_accumulated_waiting_time,cluster_2108719632_2108719645_2337351143_249398320_308906206_7707481398_average_speed,cluster_21532591_2337351188_stopped,cluster_21532591_2337351188_accumulated_waiting_time,cluster_21532591_2337351188_average_speed,cluster_21532622_3371704901_3379435671_538429308_stopped,cluster_21532622_3371704901_3379435671_538429308_accumulated_waiting_time,cluster_21532622_3371704901_3379435671_538429308_average_speed,cluster_2277358882_2330725114_2330725115_6660392178_6660392214_911171252_stopped,cluster_2277358882_2330725114_2330725115_6660392178_6660392214_911171252_accumulated_waiting_time,cluster_2277358882_2330725114_2330725115_6660392178_6660392214_911171252_average_speed,cluster_2358496785_2358496786_2362441539_2362441541_2362441548_335551657_89129168_stopped,cluster_2358496785_2358496786_2362441539_2362441541_2362441548_335551657_89129168_accumulated_waiting_time,cluster_2358496785_2358496786_2362441539_2362441541_2362441548_335551657_89129168_average_speed,cluster_241292475_4542971985_stopped,cluster_241292475_4542971985_accumulated_waiting_time,cluster_241292475_4542971985_average_speed,cluster_243628647_243628765_273472941_277740154_305559052_307620080_308656395_315993626_517248644_stopped,cluster_243628647_243628765_273472941_277740154_305559052_307620080_308656395_315993626_517248644_accumulated_waiting_time,cluster_243628647_243628765_273472941_277740154_305559052_307620080_308656395_315993626_517248644_average_speed,cluster_25579770_2633530003_2633530004_2633530005_stopped,cluster_25579770_2633530003_2633530004_2633530005_accumulated_waiting_time,cluster_25579770_2633530003_2633530004_2633530005_average_speed,cluster_260470961_427693937_stopped,cluster_260470961_427693937_accumulated_waiting_time,cluster_260470961_427693937_average_speed,cluster_26288887_365515590_stopped,cluster_26288887_365515590_accumulated_waiting_time,cluster_26288887_365515590_average_speed,cluster_26423900_7409073862_stopped,cluster_26423900_7409073862_accumulated_waiting_time,cluster_26423900_7409073862_average_speed,cluster_26423915_418085798_stopped,cluster_26423915_418085798_accumulated_waiting_time,cluster_26423915_418085798_average_speed,cluster_271273941_59743835_stopped,cluster_271273941_59743835_accumulated_waiting_time,cluster_271273941_59743835_average_speed,cluster_271273943_339223426_stopped,cluster_271273943_339223426_accumulated_waiting_time,cluster_271273943_339223426_average_speed,cluster_276507127_30503253_335525532_335525534_stopped,cluster_276507127_30503253_335525532_335525534_accumulated_waiting_time,cluster_276507127_30503253_335525532_335525534_average_speed,cluster_281967823_305519232_7009179649_7626856596_7626856598_7626856599_stopped,cluster_281967823_305519232_7009179649_7626856596_7626856598_7626856599_accumulated_waiting_time,cluster_281967823_305519232_7009179649_7626856596_7626856598_7626856599_average_speed,cluster_285141680_335575054_792810637_792810658_stopped,cluster_285141680_335575054_792810637_792810658_accumulated_waiting_time,cluster_285141680_335575054_792810637_792810658_average_speed,cluster_289710194_3371623541_stopped,cluster_289710194_3371623541_accumulated_waiting_time,cluster_289710194_3371623541_average_speed,cluster_307632375_3300416891_3300416896_335543933_stopped,cluster_307632375_3300416891_3300416896_335543933_accumulated_waiting_time,cluster_307632375_3300416891_3300416896_335543933_average_speed,cluster_30965691_4542971977_4542971978_4542972047_stopped,cluster_30965691_4542971977_4542971978_4542972047_accumulated_waiting_time,cluster_30965691_4542971977_4542971978_4542972047_average_speed,cluster_30965800_30965801_310452687_stopped,cluster_30965800_30965801_310452687_accumulated_waiting_time,cluster_30965800_30965801_310452687_average_speed,cluster_30965809_938227820_stopped,cluster_30965809_938227820_accumulated_waiting_time,cluster_30965809_938227820_average_speed,cluster_30965815_7402339364_stopped,cluster_30965815_7402339364_accumulated_waiting_time,cluster_30965815_7402339364_average_speed,cluster_331034607_414259171_432918171_stopped,cluster_331034607_414259171_432918171_accumulated_waiting_time,cluster_331034607_414259171_432918171_average_speed,cluster_3359328497_3450556278_3450556285_3450556995_3466088116_768188545_stopped,cluster_3359328497_3450556278_3450556285_3450556995_3466088116_768188545_accumulated_waiting_time,cluster_3359328497_3450556278_3450556285_3450556995_3466088116_768188545_average_speed,cluster_3466088112_811928045_stopped,cluster_3466088112_811928045_accumulated_waiting_time,cluster_3466088112_811928045_average_speed,cluster_442648110_454387261_stopped,cluster_442648110_454387261_accumulated_waiting_time,cluster_442648110_454387261_average_speed,cluster_4446632352_4446632354_690288770_7652124537_stopped,cluster_4446632352_4446632354_690288770_7652124537_accumulated_waiting_time,cluster_4446632352_4446632354_690288770_7652124537_average_speed,cluster_475311928_475944687_475944688_480162640_stopped,cluster_475311928_475944687_475944688_480162640_accumulated_waiting_time,cluster_475311928_475944687_475944688_480162640_average_speed,cluster_581455_7437612_stopped,cluster_581455_7437612_accumulated_waiting_time,cluster_581455_7437612_average_speed,cluster_7707167828_89170505_stopped,cluster_7707167828_89170505_accumulated_waiting_time,cluster_7707167828_89170505_average_speed,gneJ194_stopped,gneJ194_accumulated_waiting_time,gneJ194_average_speed,gneJ21_stopped,gneJ21_accumulated_waiting_time,gneJ21_average_speed,gneJ223_stopped,gneJ223_accumulated_waiting_time,gneJ223_average_speed,gneJ229_stopped,gneJ229_accumulated_waiting_time,gneJ229_average_speed,gneJ233_stopped,gneJ233_accumulated_waiting_time,gneJ233_average_speed,gneJ371_stopped,gneJ371_accumulated_waiting_time,gneJ371_average_speed,gneJ375_stopped,gneJ375_accumulated_waiting_time,gneJ375_average_speed,gneJ378_stopped,gneJ378_accumulated_waiting_time,gneJ378_average_speed,gneJ381_stopped,gneJ381_accumulated_waiting_time,gneJ381_average_speed,gneJ394_stopped,gneJ394_accumulated_waiting_time,gneJ394_average_speed,gneJ400_stopped,gneJ400_accumulated_waiting_time,gneJ400_average_speed,gneJ5_stopped,gneJ5_accumulated_waiting_time,gneJ5_average_speed,gneJ500_stopped,gneJ500_accumulated_waiting_time,gneJ500_average_speed,gneJ67_stopped,gneJ67_accumulated_waiting_time,gneJ67_average_speed,gneJ8_stopped,gneJ8_accumulated_waiting_time,gneJ8_average_speed,agents_total_stopped,agents_total_accumulated_waiting_time
21625.0,1,1.5,0.017857142857142856,15.769494954926596,36404470.53910945,11610521.61934391,0,0.0,1.0,0,0.0,1.0,0,0.0,1.0,0,0.0,1.0,0,0.0,1.0,0,0.0,1.0,0,0.0,1.0,0,0.0,1.0,0,0.0,1.0,0,0.0,1.0,0,0.0,1.0,0,0.0,1.0,0,0.0,1.0,0,0.0,1.0,0,0.0,1.0,0,0.0,1.0,0,0.0,1.0,0,0.0,1.0,0,0.0,0.9862994165909666,0,0.0,1.0,0,0.0,1.0,0,0.0,1.0,0,0.0,1.0,0,0.0,1.0,0,0.0,1.0,0,0.0,1.0,0,0.0,1.0,0,0.0,1.0,0,0.0,1.0,0,0.0,1.0,0,0.0,1.0,0,0.0,1.0,0,0.0,1.0,0,0.0,1.0,0,0.0,1.0,0,0.0,1.0,0,0.0,1.0,0,0.0,1.0,0,0.0,1.0,0,0.0,1.0,0,0.0,1.0,0,0.0,1.0,0,0.0,1.0,0,0.0,1.0,0,0.0,1.0,0,0.0,1.0,0,0.0,1.0,0,0.0,1.0,0,0.0,1.0,0,0.0,1.0,0,0.0,1.0,0,0.0,1.0,0,0.0,1.0,0,0.0,1.0,0,0.0,1.0,0,0.0,1.0,0,0.0,1.0,0,0.0,1.0,0,0.0,1.0,0,0.0,1.0,0,0.0,1.0,0,0.0,1.0,0,0.0,1.0,0,0.0,1.0,0,0.0,1.0,0,0.0,1.0,0,0.0,1.0,0,0.0,1.0,0,0.0,1.0,0,0.0,1.0,0,0.0,1.0,0,0.0,1.0,0,0.0,1.0,0,0.0,1.0,0,0.0,1.0,0,0.0,1.0,0,0.0,1.0,0,0.0,1.0,0,0.0,1.0,0,0.0,1.0,0,0.0,1.0,0,0.0,1.0,0,0.0,1.0,0,0.0,1.0,0,0.0,1.0,0,0.0,1.0,0,0.0,1.0,0,0.0,1.0,1,1.5,0.0,0,0.0,1.0,0,0.0,1.0,0,0.0,1.0,0,0.0,1.0,0,0.0,1.0,0,0.0,1.0,0,0.0,1.0,0,0.0,1.0,0,0.0,1.0,0,0.0,1.0,0,0.0,1.0,0,0.0,0.9992847740881716,0,0.0,1.0,0,0.0,1.0,0,0.0,1.0,0,0.0,1.0,0,0.0,1.0,0,0.0,1.0,0,0.0,1.0,0,0.0,1.0,0,0.0,1.0,0,0.0,1.0,0,0.0,1.0,0,0.0,1.0,0,0.0,1.0,0,0.0,1.0,0,0.0,1.0,0,0.0,1.0,0,0.0,1.0,0,0.0,1.0,0,0.0,1.0,0,0.0,1.0,0,0.0,1.0,0,0.0,1.0,0,0.0,1.0,1,1.5
21650.0,15,136.0,0.723404255319149,14.27224858360088,83870903.73601626,26742796.416373044,0,0.0,1.0,0,0.0,1.0,0,0.0,1.0,0,0.0,1.0,0,0.0,1.0,0,0.0,1.0,0,0.0,1.0,0,0.0,0.99747194091963,0,0.0,1.0,0,0.0,1.0,0,0.0,1.0,0,0.0,1.0,1,2.5,0.0,0,0.0,1.0,1,4.25,0.0,0,0.0,1.0,0,0.0,1.0,0,0.0,1.0,0,0.0,1.0,0,0.0,1.0,0,0.0,1.0,0,0.0,1.0,0,0.0,1.0,0,0.0,1.0,0,0.0,1.0,0,0.0,1.0,0,0.0,1.0,0,0.0,1.0,0,0.0,1.0,0,0.0,1.0,0,0.0,1.0,0,0.0,1.0,1,13.75,0.0,0,0.0,1.0,0,0.0,1.0,0,0.0,1.0,0,0.0,1.0,0,0.0,1.0,0,0.0,1.0,0,0.0,1.0,0,0.0,1.0,1,14.75,0.0,0,0.0,1.0,0,0.0,1.0,0,0.0,1.0,0,0.0,0.9798699952112065,0,0.0,0.6310851196945322,0,0.0,1.0,1,5.0,0.0,0,0.0,1.0,0,0.0,1.0,0,0.0,1.0,0,0.0,1.0,0,0.0,1.0,0,0.0,1.0,1,5.5,0.0,0,0.0,1.0,1,13.25,0.0,0,0.0,1.0,0,0.0,1.0,0,0.0,1.0,0,0.0,1.0,0,0.0,1.0,0,0.0,1.0,0,0.0,1.0,0,0.0,1.0,0,0.0,1.0,0,0.0,1.0,0,0.0,1.0,0,0.0,1.0,0,0.0,1.0,0,0.0,1.0,0,0.0,1.0,0,0.0,1.0,0,0.0,1.0,0,0.0,1.0,0,0.0,1.0,0,0.0,1.0,0,3.5,0.39229899157141185,0,0.0,1.0,1,15.0,0.0,0,0.0,1.0,0,0.0,1.0,0,0.0,1.0,0,0.0,1.0,0,0.0,1.0,0,0.0,1.0,1,2.5,0.0,3,30.5,0.015783750250000148,0,0.0,1.0,1,19.0,0.0,0,0.0,1.0,0,0.0,1.0,0,0.0,1.0,0,0.0,1.0,0,0.0,1.0,0,0.0,1.0,0,0.0,1.0,0,0.0,1.0,0,0.0,1.0,0,0.0,1.0,0,0.0,1.0,0,0.0,1.0,0,0.0,1.0,0,0.0,1.0,0,0.0,1.0,0,0.0,1.0,0,0.0,1.0,0,0.0,1.0,0,0.0,1.0,1,9.75,0.0,0,0.0,1.0,0,0.0,1.0,0,0.0,1.0,0,0.0,1.0,0,0.0,1.0,0,0.0,1.0,0,0.0,1.0,0,0.0,1.0,0,0.0,1.0,0,0.0,1.0,0,0.0,1.0,0,0.0,1.0,0,0.0,1.0,14,139.25
21675.0,23,374.75,1.2533444816053512,13.947298248412853,123960493.15896797,39515797.82969286,0,0.0,1.0,0,0.0,1.0,0,0.0,1.0,0,0.0,1.0,0,0.0,1.0,0,0.0,1.0,0,0.0,1.0,0,0.0,1.0,0,0.0,1.0,0,0.0,1.0,0,0.0,1.0,0,0.0,1.0,0,0.0,1.0,0,0.0,1.0,1,29.25,0.0,0,0.0,0.37148996884480184,0,0.0,1.0,0,0.0,1.0,1,12.25,0.0,0,0.0,1.0,0,0.0,1.0,0,0.0,1.0,0,0.0,0.2954038030524795,0,0.0,1.0,0,0.0,1.0,1,5.25,0.0,0,0.0,1.0,0,0.0,1.0,0,0.0,1.0,0,0.0,1.0,0,0.0,1.0,0,0.0,1.0,2,50.0,0.0,0,0.0,1.0,0,0.0,1.0,0,0.0,1.0,0,0.0,1.0,0,0.0,1.0,0,0.0,1.0,0,0.0,1.0,0,0.0,1.0,1,39.75,0.0,0,0.0,1.0,1,18.25,0.0,0,0.0,1.0,3,29.5,0.17886629302942234,2,27.75,0.09778775290628207,0,0.0,1.0,0,0.0,1.0,0,0.0,1.0,0,0.0,1.0,0,0.0,1.0,0,0.0,1.0,0,0.0,0.9865791896051361,0,0.0,1.0,0,0.0,1.0,0,0.0,1.0,0,0.0,1.0,0,0.0,1.0,0,0.0,1.0,1,4.25,0.0,0,0.0,1.0,1,3.5,0.0,1,11.5,0.0,0,0.0,1.0,0,0.0,1.0,0,0.0,1.0,0,0.0,0.7277203545529736,0,0.0,1.0,0,0.0,1.0,0,0.0,1.0,0,0.0,1.0,0,0.0,0.8214013698949112,0,0.0,1.0,0,0.0,1.0,0,0.0,1.0,0,0.0,0.9947309926285574,0,0.0,1.0,1,12.75,0.4955558810047655,0,0.0,1.0,0,0.0,1.0,0,0.0,1.0,0,0.0,1.0,0,0.0,1.0,0,0.0,1.0,0,0.0,1.0,0,0.0,1.0,1,27.5,0.0,0,0.0,0.3897503154237105,0,0.0,1.0,1,44.0,0.0,0,0.0,1.0,0,0.0,1.0,0,0.0,1.0,0,0.0,1.0,0,0.0,1.0,0,0.0,1.0,0,0.0,1.0,0,0.0,1.0,1,8.0,0.0,1,10.0,0.0,0,0.0,1.0,0,0.0,1.0,0,0.0,1.0,0,0.0,1.0,0,0.0,0.8408991598914699,0,0.0,1.0,0,0.0,1.0,0,0.0,1.0,0,0.0,1.0,1,34.75,0.0,0,0.0,1.0,0,0.0,1.0,0,0.0,1.0,0,0.0,1.0,0,0.0,1.0,0,0.0,0.9950594413431186,0,0.0,1.0,0,0.0,1.0,0,0.0,1.0,0,0.0,1.0,1,6.5,0.0,0,0.0,1.0,0,0.0,1.0,22,374.75
21700.0,41,609.75,1.6347184986595173,12.5475594317653,117808994.45889997,37549222.211687274,0,0.0,0.7953405889453784,0,0.0,1.0,0,0.0,1.0,0,0.0,1.0,0,0.0,1.0,0,0.0,1.0,0,0.0,1.0,0,0.0,1.0,0,0.0,1.0,1,2.75,0.0,0,0.0,1.0,0,0.0,1.0,0,0.0,1.0,0,0.0,1.0,0,0.0,1.0,0,0.0,1.0,0,0.0,1.0,0,0.0,1.0,0,0.0,1.0,0,0.0,1.0,0,0.0,1.0,0,0.0,1.0,1,24.75,0.0,0,0.0,1.0,0,0.0,1.0,1,30.25,0.0,0,0.0,0.15644678781061583,0,0.0,1.0,0,0.0,1.0,0,0.0,1.0,0,0.0,1.0,0,0.0,1.0,2,32.25,0.0,0,0.0,1.0,0,0.0,1.0,1,19.25,0.0,0,0.0,1.0,1,9.25,0.0,0,0.0,1.0,0,0.0,1.0,0,0.0,1.0,1,64.75,0.0,0,0.0,1.0,0,0.0,1.0,0,0.0,1.0,2,21.75,0.0,5,133.75,0.12439791923100861,0,0.0,1.0,0,0.0,1.0,1,14.25,0.0,0,0.0,0.9931258996299067,0,0.0,1.0,0,0.0,1.0,0,10.25,0.9833761590077309,1,3.0,0.0,1,2.75,0.0,1,13.0,0.49866371770886914,1,5.75,0.5778396836944923,0,0.0,1.0,1,3.75,0.0,1,29.25,0.0,0,0.0,1.0,0,0.0,1.0,1,3.5,0.0,0,0.0,1.0,0,0.0,1.0,0,0.0,1.0,1,7.75,0.4924003034195987,0,0.0,1.0,0,0.0,1.0,0,0.0,1.0,0,0.0,1.0,1,23.25,0.0,1,18.0,0.0,1,10.75,0.0,0,0.0,1.0,0,0.0,1.0,0,0.0,1.0,2,8.75,0.014051927499840288,2,20.0,0.0,0,0.0,1.0,0,0.0,1.0,0,0.0,1.0,0,0.0,1.0,0,0.0,1.0,0,0.0,1.0,0,0.0,1.0,0,0.0,1.0,4,58.75,0.0004002124150461974,0,8.0,0.983481352322548,0,0.0,1.0,0,0.0,1.0,0,0.0,1.0,0,0.0,1.0,0,0.0,1.0,0,0.0,1.0,0,0.0,1.0,0,0.0,1.0,0,0.0,1.0,0,0.0,1.0,1,7.25,0.0,1,3.5,0.0,0,0.0,1.0,0,0.0,1.0,0,0.0,1.0,0,0.0,1.0,0,0.0,1.0,0,0.0,1.0,0,0.0,1.0,0,0.0,1.0,0,0.0,1.0,0,0.0,1.0,0,0.0,1.0,0,0.0,1.0,0,0.0,1.0,0,0.0,1.0,0,0.0,0.9995189790605682,0,0.0,1.0,0,0.0,1.0,0,0.0,1.0,0,0.0,1.0,2,43.25,0.11560912157177883,0,0.0,1.0,0,0.0,1.0,39,633.5
21725.0,88,1527.0,3.1614906832298137,11.825668567940154,187906461.93697703,59843251.90173491,0,0.0,1.0,0,0.0,1.0,0,0.0,1.0,0,0.0,1.0,0,0.0,1.0,0,0.0,1.0,0,0.0,0.9366059253451374,1,2.25,0.0,1,7.25,0.0,1,27.75,0.0,0,0.0,1.0,0,0.0,1.0,1,5.5,0.0,0,0.0,1.0,1,22.75,0.0,0,0.0,1.0,0,0.0,1.0,0,0.0,1.0,1,6.75,0.0,0,0.0,1.0,0,0.0,1.0,0,0.0,1.0,0,0.0,1.0,1,12.25,0.0,0,0.0,1.0,1,55.25,0.0,0,0.0,1.0,0,0.0,1.0,0,0.0,1.0,0,0.0,1.0,1,4.5,0.4986653798818544,0,0.0,1.0,2,82.25,0.0,0,0.0,1.0,0,0.0,1.0,1,44.25,0.0,0,0.0,1.0,0,0.0,1.0,0,0.0,1.0,0,0.0,1.0,0,0.0,1.0,1,15.0,0.0,0,0.0,1.0,0,0.0,1.0,0,0.0,1.0,2,71.75,0.0,8,313.5,0.0,0,0.0,1.0,0,0.0,0.9874919517924577,1,39.25,0.015799369601447073,0,0.0,1.0,1,16.5,0.0,1,20.75,0.0,1,8.75,0.0,1,28.0,0.0,6,57.0,0.08312736119274752,1,0.75,0.31830107968808,2,26.25,0.002805641653513121,1,15.5,0.0,1,28.75,0.0,1,54.25,0.0,0,0.0,0.5944975273930192,3,14.5,0.00017752187948862162,0,0.0,1.0,0,0.0,1.0,0,0.0,1.0,0,0.0,1.0,1,32.75,0.4933518124997468,1,22.25,0.6616957557379778,0,0.0,1.0,0,0.0,1.0,0,0.0,1.0,0,0.0,1.0,1,43.0,0.0,0,0.0,1.0,0,9.0,0.7972039414700947,0,0.0,1.0,0,0.0,1.0,3,82.25,0.0,1,35.25,0.30580471158241884,0,0.0,1.0,0,0.0,1.0,2,24.5,0.0,0,0.0,1.0,0,0.0,1.0,0,0.0,1.0,1,9.0,0.0,0,0.0,1.0,0,106.0,0.1165357373963282,7,100.75,0.033815370993120535,2,22.5,6.887552196867331e-06,1,1.0,0.0,0,0.0,1.0,1,6.0,0.0,0,0.0,1.0,0,0.0,1.0,0,0.0,0.9823908251089726,0,0.0,1.0,0,6.5,0.9984053661382315,0,0.0,1.0,0,0.0,1.0,0,0.0,1.0,0,0.0,1.0,0,0.0,1.0,0,0.0,1.0,0,0.0,1.0,0,0.0,1.0,0,0.0,1.0,0,0.0,1.0,0,0.0,1.0,2,23.75,0.0,0,0.0,1.0,0,0.0,1.0,0,0.0,1.0,0,0.0,1.0,0,0.0,1.0,0,0.0,0.987203815588976,0,0.0,1.0,0,0.0,1.0,1,10.75,0.49094403204073034,0,0.0,1.0,0,0.0,0.9913012862106858,1,8.25,0.0,2,34.0,2.482254469069631e-05,70,1558.75
21750.0,68,1080.5,1.8038397328881468,12.042171963217509,219724327.78584728,70036519.45494278,0,0.0,1.0,0,0.0,1.0,0,0.0,1.0,0,0.0,1.0,0,0.0,1.0,0,0.0,1.0,0,0.0,0.8714993946683838,0,0.0,1.0,0,0.0,1.0,0,0.0,0.9908443452534753,0,0.0,1.0,0,0.0,1.0,0,0.0,1.0,0,0.0,1.0,0,0.0,1.0,0,0.0,1.0,0,0.0,1.0,0,0.0,1.0,1,149.25,0.7059120104600183,0,0.0,1.0,1,6.0,0.0,0,0.0,1.0,0,0.0,1.0,1,55.25,0.4928566060209014,0,0.0,1.0,3,91.0,0.0008587747394809435,0,0.0,1.0,0,0.0,1.0,1,6.0,0.0,0,0.0,1.0,0,0.0,0.2358474655745538,0,0.0,1.0,6,125.75,0.05696323703149319,0,0.0,1.0,0,0.0,1.0,0,0.0,1.0,3,16.75,0.00029221481511848405,1,8.5,0.0,0,0.0,1.0,0,0.0,1.0,0,0.0,1.0,1,40.0,0.0,0,0.0,1.0,1,9.0,0.0,0,0.0,1.0,1,18.25,0.11393380356406095,0,50.75,0.6638545450946027,0,0.0,1.0,0,0.0,1.0,0,0.0,1.0,3,24.25,0.13107613476449873,1,41.5,0.0,1,45.75,0.0,0,0.0,0.9840115876672608,0,0.0,1.0,0,0.0,1.0,0,0.0,1.0,0,54.0,0.4373958143566283,0,0.0,1.0,0,0.0,1.0,0,13.0,0.9994826559428236,5,78.0,0.2425405394102554,6,98.0,0.1898283262086691,1,3.5,0.0,0,0.0,1.0,0,0.0,1.0,2,19.0,0.0,1,5.75,0.48416710721666256,1,34.25,0.6987299353797156,0,0.0,1.0,0,0.0,1.0,0,0.0,0.9535444731347609,0,0.0,1.0,1,2.0,0.0,1,13.0,0.0,2,37.25,1.1278886426271473e-05,0,0.0,1.0,0,0.0,1.0,1,14.5,0.5463419041660648,0,0.75,0.9903189801095391,0,0.0,1.0,0,10.0,0.007680551375255001,0,0.0,1.0,0,0.0,1.0,0,0.0,1.0,1,7.25,0.0,1,34.0,0.0,1,2.5,0.0,0,0.0,1.0,1,0.25,0.0014898969807238638,2,72.5,0.0,2,39.25,0.0,0,0.0,1.0,1,31.0,0.0,0,3.0,0.9903532765036996,1,3.75,0.0,0,0.0,1.0,0,0.0,1.0,1,20.5,0.49271813031620826,0,0.0,1.0,0,0.0,0.3028996485936764,0,0.0,0.9873500272059219,0,0.0,1.0,0,0.0,1.0,2,28.5,0.04613716347639233,0,0.0,1.0,0,0.0,1.0,0,0.0,0.5666461930059015,0,0.0,1.0,0,0.0,1.0,0,0.0,1.0,0,0.0,1.0,0,10.0,0.9892343080205496,0,0.0,1.0,0,0.0,1.0,0,0.0,1.0,0,0.0,1.0,0,0.0,1.0,0,0.0,1.0,2,41.5,0.0,0,0.0,1.0,0,0.0,0.9845163211038055,0,0.0,1.0,2,84.0,0.0,63,1449.0
21775.0,125,2325.75,3.303622159090909,11.11648524746799,242274863.9796448,77162997.07008086,0,0.0,1.0,0,0.0,1.0,0,0.0,1.0,0,0.0,1.0,0,0.0,0.9893124642613081,0,18.0,0.9862973209609949,1,22.25,0.0,0,0.0,1.0,0,0.0,0.7633803258183852,0,0.0,1.0,0,0.0,1.0,0,0.0,1.0,0,0.0,0.22662690284675974,0,0.0,1.0,1,22.25,0.0,0,0.0,1.0,0,0.0,1.0,2,21.75,0.0,14,507.25,0.0001091046464522025,1,12.0,0.0,1,31.0,0.0,0,0.0,1.0,0,0.0,1.0,1,80.25,0.6594141959010069,0,0.0,1.0,3,81.0,0.002074521867020117,4,103.75,0.29754841505889046,0,0.0,1.0,0,0.0,1.0,1,7.0,0.0,3,36.75,0.15877010695076868,0,0.0,1.0,8,299.0,0.0008525589381251521,1,14.75,0.0,1,16.25,0.0,0,0.0,1.0,3,91.75,0.0,1,19.5,0.0,0,0.0,1.0,0,0.0,1.0,0,0.0,1.0,2,75.75,0.0014248678575264205,1,36.0,0.14786957427786715,0,0.0,1.0,0,0.0,0.13939687386342156,2,17.5,0.3301961731301146,4,126.25,0.08103846210165258,0,6.75,0.9904415622272462,0,16.75,0.9814070803681987,1,4.75,0.0,0,7.25,0.619922280720016,1,73.5,0.09568031087200801,2,14.0,0.0020347260751125665,0,1.0,0.9748485654158278,1,7.25,0.0,1,17.75,0.0,1,17.0,0.0,0,0.0,0.9935788514335258,1,7.75,0.0,2,23.75,0.3245759254029293,1,30.25,0.4989751255638564,6,158.5,2.989570030827931e-06,9,284.75,0.0,3,84.5,0.06901075181878226,0,0.0,1.0,1,18.0,0.0,1,29.5,0.0,3,70.25,0.24689689893046132,1,8.25,0.6197173611947285,1,4.25,0.0,1,17.75,0.0,1,23.75,0.0,1,13.0,0.399737669708939,2,16.75,0.0,3,42.0,0.001172434000468189,2,87.25,0.0,0,0.0,1.0,0,0.0,1.0,1,0.75,0.3913346519041418,1,7.25,0.0,1,13.25,0.3773110715558624,0,0.0,1.0,0,0.0,1.0,0,0.0,1.0,0,0.0,1.0,1,17.5,0.49783748962253965,1,59.0,0.0,1,27.5,0.27609432102428205,0,0.0,1.0,1,24.25,0.1541362518205496,0,0.0,1.0,0,0.0,1.0,0,0.0,1.0,0,0.0,1.0,2,24.75,0.0,0,0.0,1.0,1,10.25,0.0,0,0.0,1.0,0,10.75,0.09403950990666064,0,0.0,0.07243578534673027,2,26.75,0.0,1,12.5,0.4919031356222052,0,0.0,1.0,0,0.0,1.0,0,0.0,1.0,0,0.0,1.0,1,1.5,0.0,0,0.0,0.9758853995426854,0,0.0,1.0,0,0.0,1.0,1,11.75,0.0,0,11.25,0.7955625905823269,0,0.0,1.0,0,0.0,0.7144743042177566,0,0.0,1.0,0,0.0,1.0,0,4.0,0.9962475711793262,0,0.0,1.0,0,11.0,0.37431059637088376,0,0.0,1.0,0,0.0,1.0,2,40.75,0.3286671497509848,0,0.0,0.9840832865554688,1,1.0,0.0,119,3042.0
21800.0,126,2404.0,3.031525851197982,11.050539840678585,252944578.11870912,80577142.67300469,0,0.0,1.0,0,0.0,1.0,0,0.0,1.0,0,0.0,1.0,0,0.0,1.0,0,0.0,0.9675697096349352,0,7.0,0.9886933086029494,0,0.0,1.0,0,0.0,1.0,0,0.0,1.0,0,0.0,0.9876309962720333,1,16.0,0.370369507480541,2,30.25,0.26270315431624147,0,0.0,1.0,2,30.25,0.0,0,0.0,1.0,0,0.0,1.0,3,53.25,0.0,0,61.0,0.4412101979729595,0,10.0,0.9922983293205783,0,0.0,1.0,1,13.5,0.0,0,0.0,0.9836257875906955,1,88.0,0.49090644175213405,0,0.0,1.0,3,46.75,8.189705104880409e-07,0,0.0,1.0,0,0.0,1.0,0,0.0,1.0,2,18.5,0.0,3,72.0,0.00014525526279266402,0,0.0,1.0,7,417.25,0.0,1,6.0,0.0,0,0.0,1.0,0,0.0,1.0,2,56.5,1.6686630926048012e-05,3,75.0,4.146979641134766e-06,0,0.0,1.0,0,0.0,1.0,2,21.75,0.0,0,0.0,1.0,1,61.0,0.0,0,0.0,1.0,1,26.0,0.0,4,104.75,0.19782931454709082,8,274.25,3.451325134129285e-05,0,0.0,1.0,0,0.0,0.9746081109672455,3,55.5,0.0024216069341218135,0,6.25,0.8816127207629859,1,31.75,0.0,0,0.0,1.0,0,0.0,1.0,1,32.25,0.010552794142971313,3,37.25,0.23832045287774262,1,42.0,0.48034331309346895,0,0.0,1.0,0,9.75,0.7915820918079286,2,73.75,0.3295172003109618,0,0.0,1.0,2,43.0,0.1988223019619522,2,89.5,0.0,0,0.0,1.0,0,0.0,1.0,3,72.5,0.0,2,59.0,3.539399248932125e-05,2,89.5,0.593603446089723,3,42.0,0.15733401483191425,0,0.0,0.9849631478814108,1,42.75,0.0,1,29.75,0.4238567133075917,0,0.0,0.9885560260548348,3,47.0,0.2584251210435397,1,19.0,0.4934179236700436,0,0.0,1.0,0,0.0,1.0,0,0.0,0.9955807840212946,3,61.5,0.11008308871434207,2,37.25,0.0,1,7.25,0.0,1,8.5,0.49654378875339633,0,0.0,1.0,0,12.0,0.9861233827487305,0,0.0,1.0,0,0.0,1.0,0,0.0,1.0,0,0.0,1.0,0,0.0,0.8651878273764547,9,169.0,0.12563578094208452,0,0.0,1.0,1,6.5,0.0,0,0.0,1.0,0,0.0,1.0,1,2.5,0.0,0,0.0,1.0,1,35.25,0.0,0,0.0,1.0,0,0.0,1.0,0,0.0,1.0,0,0.0,0.9221855881410539,0,0.0,1.0,0,0.0,1.0,0,0.0,1.0,0,0.0,1.0,0,0.0,0.9817108525654903,5,58.25,0.007889289040856161,0,0.0,1.0,0,0.0,1.0,1,15.5,0.4915414220197048,3,44.0,0.0,0,0.0,1.0,0,0.0,0.9985092282953214,0,0.0,1.0,0,0.0,1.0,0,0.0,1.0,0,6.25,0.9877992202154952,0,0.0,1.0,1,16.0,0.04461726470549722,0,0.0,1.0,1,16.75,0.0,0,4.75,0.5954013287240871,4,47.25,2.5844047864072064e-06,1,20.0,0.0,113,2880.0
21825.0,146,3112.25,3.556857142857143,10.517964511062601,274046662.1965833,87312484.40034917,0,0.0,1.0,0,0.0,1.0,0,0.0,1.0,0,0.0,1.0,0,0.0,1.0,1,19.25,0.0,1,27.25,0.7160210865957743,0,0.0,1.0,0,0.0,1.0,2,40.25,0.30849546278002055,0,0.0,1.0,0,54.75,0.9844634968324593,3,103.25,0.2450211634528832,0,0.0,1.0,0,0.0,1.0,0,0.0,1.0,0,0.0,1.0,0,0.0,1.0,2,27.5,0.0010331251077716787,3,70.0,0.44752620644273433,0,0.0,1.0,1,58.5,0.44176884261053445,0,0.0,1.0,1,112.25,0.0,0,0.0,0.9791846573314983,7,201.75,0.18064247635448952,2,20.0,0.3964006023618275,0,0.0,1.0,1,9.5,0.0,0,0.0,1.0,5,67.75,0.0,1,19.25,0.2247530212647402,7,592.25,0.020246437648530423,2,51.5,0.0,0,0.0,1.0,0,13.0,0.1924035345169622,0,0.0,1.0,1,29.5,0.17499575531152403,1,0.5,0.00010585847095181471,1,34.0,0.0,0,13.0,0.8548125656216062,1,9.0,0.21885430619415253,2,22.25,0.1589637118416636,0,0.0,1.0,2,19.25,0.0,3,29.25,0.24932618548714644,8,474.25,0.0,0,31.25,0.8839591319191201,1,12.75,0.0,5,175.0,0.16663293580104596,3,70.75,0.05522625414801317,4,94.0,0.1916555419511854,0,0.0,1.0,0,0.0,1.0,0,24.0,0.09679933442432066,0,0.0,0.9968730584953712,0,1.75,0.7933092579246511,1,1.5,0.17887582621849626,2,45.25,0.0,0,0.0,1.0,0,0.0,1.0,0,0.0,1.0,1,1.0,0.0,3,42.25,6.541830434591696e-05,0,0.0,1.0,3,80.5,2.9199800580436538e-05,0,22.0,0.9934655999106224,2,36.25,0.5976264764857145,3,11.75,0.26181754231698234,1,21.75,0.0,1,67.75,0.0,0,0.0,1.0,0,0.0,0.9810294959699107,0,46.5,0.036674772527282844,2,28.75,0.0,0,0.0,1.0,0,0.0,1.0,0,0.0,1.0,1,8.75,0.4051183620201906,0,0.0,0.10152665662207278,1,9.5,0.0,3,51.75,0.00015585019614947388,0,14.25,0.6195451551343041,0,0.0,0.9806333217601566,2,43.5,0.0,2,26.25,0.0,1,0.25,0.0049507708061504,0,0.0,1.0,4,72.75,0.0,6,300.25,0.14583312105140803,0,0.0,1.0,5,91.0,1.0422111418093277e-06,0,13.75,0.9521595670885676,0,0.0,0.9865799534237154,1,27.5,0.0,0,0.0,1.0,2,20.5,3.4729372834093397e-06,0,0.0,1.0,2,10.25,0.0,0,0.0,0.61459281159319,3,28.5,6.936148139740631e-05,0,0.0,0.9975420962185809,0,0.0,1.0,0,0.0,1.0,1,22.75,0.0,0,0.0,1.0,1,32.0,0.0,0,0.0,1.0,0,0.0,1.0,2,49.75,0.0,0,0.0,1.0,0,20.25,0.9729256388058556,0,8.5,0.9906120070890279,0,0.0,1.0,0,0.0,1.0,0,0.0,1.0,0,0.0,0.9976941573188037,0,0.0,1.0,2,64.25,0.0,2,87.75,0.5077390034180556,0,0.0,1.0,2,33.0,0.3288575504190209,0,0.0,1.0,2,90.0,0.5231122898804598,135,4060.75
21850.0,164,3788.5,3.9463541666666666,10.192507780161474,301206345.08109766,95968040.47899011,0,0.0,1.0,0,7.25,0.984497826653997,0,0.0,1.0,0,0.0,1.0,0,18.0,0.9796869215676708,1,59.0,0.7388888068553624,3,49.5,0.3365461702424773,0,0.0,1.0,0,8.0,0.979489262821236,0,0.0,1.0,0,0.0,0.9820132974731185,2,54.25,0.28161744098451336,1,20.5,0.0,0,0.0,1.0,1,1.25,0.0,5,109.25,0.0,0,0.0,1.0,3,21.5,0.0,2,107.75,0.4931984731964275,11,231.5,1.471139100740118e-05,1,8.0,0.0,0,0.0,1.0,0,0.0,0.9333556822312736,1,142.25,0.49800625496958356,0,0.0,1.0,15,460.75,0.06335958770660173,0,0.0,1.0,1,30.0,0.0,0,0.0,1.0,2,21.5,0.0,5,192.75,0.11434616952554401,0,0.0,1.0,11,830.75,0.0814685136923061,1,9.5,0.0,0,0.0,1.0,0,12.0,0.985565761409968,3,54.0,0.0885798895077162,0,0.0,0.7495671841381584,1,25.5,0.7142498319140004,0,0.0,1.0,2,40.25,0.11166798842075847,2,56.5,0.0,2,29.5,0.21476952375906513,0,0.0,1.0,3,73.75,0.0,0,6.25,0.5162903915789857,0,96.75,0.5668658023508364,0,42.25,0.7840920615624197,1,41.5,0.34996754258687224,0,0.0,1.0,0,10.0,0.62647998630851,3,112.25,0.0,0,0.0,1.0,0,0.0,1.0,0,0.0,1.0,1,22.5,0.0,0,0.0,1.0,0,0.0,1.0,1,24.25,0.659594159014552,0,0.0,0.4607872898149821,2,16.5,0.0,4,19.0,0.1229713980984718,4,58.5,0.03863109530593733,1,44.75,0.23307497655822562,1,24.75,0.7425515369875381,1,53.75,0.0,0,0.0,1.0,5,115.0,0.04967088969473127,7,122.0,0.2189082678711717,2,49.5,0.0,1,92.75,0.0,0,0.0,1.0,0,0.0,1.0,3,66.25,0.23359829020101006,1,1.5,0.0,1,14.0,0.0,0,0.0,1.0,0,11.75,0.9748046442095805,2,34.0,0.0,0,0.0,1.0,1,34.5,0.0,1,0.75,0.0,0,0.0,1.0,0,0.0,1.0,2,93.5,0.0,2,67.0,0.24537335208596103,1,25.25,0.0,0,0.0,1.0,0,40.25,0.6134337738438806,2,42.0,0.29050273830798884,0,0.0,1.0,3,74.0,0.18693119867232205,0,0.0,1.0,0,0.0,1.0,2,13.5,9.2134648032992e-06,0,0.0,1.0,1,19.75,0.0,0,0.0,1.0,0,5.0,0.9921718768949557,2,26.25,0.0,3,103.5,0.0,1,23.0,0.6541275860821688,0,0.0,1.0,0,0.0,1.0,3,69.75,0.0,0,0.0,1.0,2,20.5,0.0,0,0.0,1.0,0,0.0,1.0,2,104.75,0.3309199215388226,0,0.0,0.9861342292007629,0,0.0,0.977733965960571,0,0.0,1.0,0,0.0,1.0,0,0.0,1.0,0,0.0,1.0,0,0.0,1.0,0,0.0,1.0,0,0.0,1.0,5,109.75,0.25510121007090775,1,17.75,0.0,0,81.25,0.764101378935829,1,22.25,0.0,2,117.25,0.33215629983109674,157,4866.0
21875.0,127,3380.5,3.2504807692307693,11.037680691706436,354202099.9293128,112850940.32196091,0,34.0,0.987778526115919,0,0.0,1.0,0,0.0,1.0,0,0.0,0.7987803077718351,1,3.75,0.10559524679543338,1,92.25,0.4977043148356905,0,17.25,0.6669990209381441,0,0.0,1.0,0,0.0,0.9823227597347589,1,8.5,0.0,0,0.0,1.0,0,71.5,0.6390835734711192,0,0.0,1.0,0,0.0,1.0,3,53.0,0.0,3,81.0,0.23601906526852592,0,0.0,1.0,2,37.0,0.0,0,381.75,0.12703129072737773,1,325.75,0.13210279748260564,0,31.0,0.9828094217184091,1,8.5,0.4971569441167532,1,62.5,0.6621306180839347,1,162.25,0.6956053250346497,0,0.0,1.0,3,118.25,0.20412276734044119,0,0.0,1.0,0,0.0,1.0,0,0.0,1.0,1,15.5,0.0,5,219.5,0.19427778618314187,0,12.75,0.6354562311851687,13,1119.0,0.2229178468730621,0,0.0,0.9916085989779229,0,0.0,1.0,0,0.0,1.0,2,61.75,0.02483201824211477,2,14.75,0.0019002603144951317,1,64.5,0.6600941412085329,0,20.0,0.9907091199239176,3,95.0,0.0,0,0.0,1.0,2,67.25,0.0,0,2.25,0.03287327031316902,2,62.0,0.032980378385843764,2,23.75,0.3300036618078776,5,132.25,7.740433444346154e-07,0,0.0,0.9983002456935618,1,46.0,0.7054992944834068,2,7.0,0.4745610736430691,0,0.0,1.0,0,0.0,1.0,0,0.0,1.0,1,2.25,0.492512288386504,0,0.0,1.0,0,28.0,0.24242328083143574,1,34.0,0.7876557474418838,1,16.0,0.4887403177536776,0,0.0,1.0,1,23.5,0.0,2,31.25,0.4572504588339248,6,103.75,0.004732987188320382,1,84.75,0.27396378624273193,1,38.5,0.0,1,36.5,0.13515533509451497,0,0.0,1.0,1,27.0,0.3154401035022738,1,156.75,0.3355268766542006,2,202.75,0.15924352701395025,0,0.0,1.0,1,117.75,0.0,0,0.0,1.0,1,21.25,0.0,4,73.75,0.05418899050561082,2,39.0,0.0,4,85.75,0.1972813844577424,0,0.0,1.0,0,11.25,0.9848138406387361,6,135.25,0.24604124493307786,0,0.0,1.0,0,0.0,0.9185806062333003,1,25.75,0.0,0,0.0,1.0,0,0.0,1.0,0,0.0,1.0,1,26.5,0.3173276272059417,1,50.25,0.0,0,0.0,1.0,4,39.25,0.018969307654978236,0,9.0,0.952557729604513,0,0.0,1.0,1,23.0,0.0,0,0.0,1.0,0,0.0,1.0,1,44.5,0.49404798934602806,3,21.0,0.0,0,43.75,0.21928809103645266,0,0.0,1.0,3,40.0,0.07310855790302166,0,0.0,1.0,0,70.5,0.4915844932025711,1,44.25,0.0,0,0.0,1.0,0,0.0,1.0,0,0.0,1.0,0,0.0,1.0,3,77.0,0.014237437843594188,0,24.25,0.6540229454231967,0,0.0,1.0,0,0.0,1.0,2,19.75,0.0,0,0.0,1.0,0,18.5,0.9760723199143418,0,0.0,1.0,0,0.0,1.0,0,0.0,1.0,0,87.5,0.8738514311343782,0,0.0,1.0,0,0.0,1.0,0,0.0,1.0,1,42.75,0.0,1,33.75,0.5515490684432677,0,0.0,1.0,0,0.0,1.0,119,5461.75
21900.0,196,3598.25,3.2155942806076854,10.606463965641764,330333907.7369167,105240117.5109971,0,0.0,1.0,0,15.0,0.3589577624756209,0,0.0,1.0,0,0.0,1.0,2,50.0,0.0,1,36.75,0.4968051077464447,0,1.0,0.9915961030538957,0,0.0,1.0,0,6.25,0.9811613026920234,0,28.75,0.24975880693573915,0,0.0,1.0,0,0.0,1.0,2,36.75,0.009079148082483257,0,0.0,1.0,2,51.5,0.0,6,212.5,0.013824736476754388,0,0.0,1.0,1,4.75,0.48943473052192377,0,0.0,1.0,0,23.5,0.9853829264848933,0,0.0,1.0,1,33.5,0.0,0,0.0,1.0,3,244.75,0.24999674705735003,0,0.0,1.0,4,114.25,0.23737337617875842,0,2.0,0.13960630277801864,0,0.0,1.0,0,0.0,1.0,2,50.0,0.0,5,186.25,0.14008543771749468,0,11.0,0.7957896823006076,25,644.0,0.09255812981807945,2,53.5,0.32761893265471603,0,0.0,1.0,0,0.0,0.9769800061713536,0,95.75,0.2342818241880399,2,64.75,0.0,1,75.5,0.0,1,39.75,0.0,1,29.75,0.0,0,0.0,0.13351569563414564,1,10.5,0.014971837694820411,0,0.0,1.0,0,1.75,0.9119199970026257,2,5.75,0.3300999096753631,7,324.0,2.1597002264061464e-06,0,35.0,0.918307541092709,1,62.75,0.4991706153293531,8,118.25,0.010154562909042476,1,57.25,0.48933008625646984,0,0.0,1.0,0,0.0,1.0,1,15.25,0.0,0,0.0,0.9891783161162767,0,0.0,1.0,2,44.0,0.6351150489346419,1,19.0,0.0,1,28.75,0.449460339509399,3,44.25,0.04241533808787035,0,21.75,0.853449235606899,2,46.25,0.0,3,33.75,0.0,4,87.5,0.0027388799700580964,1,38.25,0.0,2,34.0,0.09354462162252486,0,0.0,0.9891127148349227,1,61.5,0.4885762367268154,2,32.25,0.253363614510423,4,76.5,0.026200093526863456,2,42.75,0.24839116063762035,5,53.75,0.0008381737287234155,1,46.25,0.0,6,177.75,0.0,3,104.25,0.0,0,22.5,0.9942187321147866,0,0.0,1.0,0,0.0,1.0,2,33.25,0.0,0,0.0,1.0,2,59.75,0.21115525264153617,5,102.75,7.896724602503878e-05,0,0.0,0.9946293285679432,0,0.0,1.0,0,20.0,0.44501984121617855,1,9.75,0.0,6,96.25,0.00019946396067287243,1,33.75,0.0,6,168.75,6.994208280405941e-07,4,129.75,0.49760079781346844,0,0.0,1.0,4,84.0,1.5958871265449437e-05,0,0.0,0.9977193945038735,0,0.0,1.0,1,45.25,0.0,0,0.0,1.0,3,62.75,2.001818443862153e-06,0,0.0,0.8855438084672794,0,6.0,0.9863116168832002,0,0.0,0.9792824264311144,1,3.0,0.06983182523974162,2,25.25,0.09646794890414662,1,6.0,0.0,0,0.0,1.0,0,0.0,1.0,0,0.0,1.0,7,248.0,0.12412802638578552,3,29.5,0.00013337519532562634,0,0.0,1.0,0,0.0,1.0,0,0.0,0.9824696505560522,0,0.0,1.0,0,2.25,0.9793472692291698,0,23.0,0.9865675154806062,0,0.0,1.0,0,0.0,1.0,0,0.0,1.0,0,18.0,0.9814408815202511,0,0.0,1.0,1,48.5,0.2912908501017421,2,99.25,0.0,1,33.0,0.7024830820304768,2,23.5,1.448361165390277e-06,0,3.25,0.9911759243383415,180,5171.5
21925.0,199,3808.75,3.1979429051217463,10.356423358006026,371594808.38280004,118396118.09532395,0,2.75,0.9983980813637027,0,0.0,1.0,0,0.0,1.0,0,0.0,1.0,0,9.0,0.5911928723220198,0,0.0,0.9772420781805374,1,25.75,0.8103325519294176,0,0.0,1.0,0,0.0,1.0,0,0.0,1.0,0,0.0,0.9827534454385881,2,44.0,0.0,1,41.0,0.6184049697907353,0,0.0,1.0,2,29.25,0.0,5,153.0,0.03290000407411912,0,0.0,1.0,3,72.0,0.005295245173707345,3,51.75,6.772969248702181e-07,6,50.25,0.024745684372909575,0,26.0,0.9870691033560854,0,8.0,0.8866444104301232,0,3.0,0.9829457553998132,4,381.25,0.4597344380448113,0,0.0,1.0,6,186.25,0.15968726570190467,0,0.0,1.0,0,0.0,1.0,0,0.0,1.0,0,0.0,1.0,5,214.75,0.24655468752945023,1,9.75,0.46277166099349043,21,959.25,0.06654726064111335,0,0.0,1.0,0,0.0,1.0,5,67.5,0.04176852420478179,0,0.0,1.0,0,15.0,0.052007267507163925,2,110.0,0.0,1,4.75,0.0,1,3.25,0.49972835763685136,4,107.0,0.19018535993709662,0,12.0,0.9928449444632013,3,25.0,0.24778959253132468,1,28.5,0.6547773228923026,4,87.25,0.05552599184033721,8,470.25,0.07041771740309993,0,0.5,0.9769726166893846,2,47.5,0.32823041022846206,7,218.5,0.0,0,34.5,0.38239753188089004,1,13.0,0.0,4,87.0,0.0,0,0.0,1.0,0,0.0,0.9594416415213569,2,28.0,0.0,1,69.5,0.49917774315925056,0,24.0,0.2521402424925179,0,0.0,1.0,0,3.25,0.9781829121202298,0,0.0,1.0,9,100.0,0.10236935345678466,1,26.25,0.0,1,9.5,0.0,1,26.5,0.41871554519450743,3,93.5,0.013896155294422141,1,0.25,0.21959208885285947,1,21.25,0.0,4,87.25,0.31369572070810087,6,229.5,0.0,0,0.0,1.0,0,0.0,1.0,0,0.0,1.0,2,45.5,0.326005789416765,0,5.5,0.9879695334145788,0,13.0,0.9958327944593682,0,0.0,1.0,0,0.0,1.0,1,1.5,0.2883358593675363,0,0.0,0.883395888940616,1,10.5,0.0,3,177.75,0.15277533067763555,4,57.5,0.018231516433669166,0,0.0,1.0,2,62.75,0.0,5,61.75,0.14198770476868672,1,13.5,0.0,3,58.0,0.0004996136189266133,2,77.0,0.3310213819354996,1,60.75,0.6886161362164486,1,31.0,0.7317216262326252,0,0.0,1.0,0,0.0,1.0,0,0.0,1.0,0,44.5,0.8014324269985584,0,0.0,1.0,1,5.5,0.0,3,42.5,0.0,6,72.5,0.05218121127290633,1,0.75,7.001530916978905e-06,3,85.5,0.13333109519377687,0,0.0,1.0,1,31.0,0.0,0,0.0,1.0,0,0.0,1.0,0,0.0,1.0,1,121.25,0.05280983532345714,2,37.0,0.0,0,0.0,1.0,0,0.0,0.8957563144373432,0,0.0,1.0,0,6.0,0.9861490686579555,0,5.5,0.9797260875816618,0,0.0,1.0,0,4.0,0.9833227486468232,1,9.0,0.0,0,11.0,0.9822933854024107,0,0.0,1.0,0,0.0,1.0,0,67.75,0.3913930810150506,0,0.0,1.0,2,66.5,0.31549588223709213,2,73.5,0.0,1,9.25,0.0,183,5686.25
21950.0,233,4765.0,3.8181089743589745,10.401243581643346,419210092.0103374,133562958.74978079,0,10.25,0.9874485062282713,0,1.75,0.9873664586067629,0,0.0,1.0,0,0.0,1.0,0,0.0,0.9763799171265113,1,9.75,0.6802824197352904,0,0.0,0.9800101310044091,0,0.0,1.0,0,0.0,1.0,3,34.25,0.2329853677622026,0,0.0,1.0,0,0.0,0.9820489349774225,2,21.0,0.32924080502984815,0,0.0,1.0,2,18.25,0.0,11,378.75,0.0372728435616942,0,0.0,1.0,1,15.75,0.0,3,126.75,0.23742764207047837,10,289.0,0.0,0,0.0,1.0,0,0.0,1.0,0,0.0,1.0,4,439.25,0.29235846927008197,0,0.0,1.0,12,440.75,0.08979930533646122,1,5.5,0.0,0,24.25,0.6134386643214905,1,9.5,0.0,0,0.0,1.0,3,100.5,0.17536019907055872,5,94.0,0.16443098675920662,6,222.75,0.1396070295389689,2,16.5,0.0,1,19.25,0.0,1,17.0,0.0,1,19.25,0.0,0,0.0,0.990208659871729,2,160.0,0.2581332620205295,1,29.75,0.0,3,55.0,0.24906619634108407,6,232.75,0.0,2,55.5,0.0,0,24.5,0.19285018237729376,3,76.25,0.061531759704947855,0,1.5,0.9940136979535135,0,160.0,0.3254088114604082,0,0.0,1.0,0,37.5,0.8459087294580914,1,8.0,0.0,0,0.0,1.0,2,33.25,0.0,4,187.0,0.0,0,0.0,1.0,1,41.5,0.4967934679260363,0,12.0,0.997711707854167,0,16.5,0.9217091022147127,0,0.0,1.0,0,0.0,1.0,0,0.0,1.0,2,152.5,0.7068611673648398,10,348.75,0.05123305218707235,3,63.5,0.24696763518347817,3,59.25,0.09269216992502234,9,132.5,1.2612182398948658e-06,2,64.75,0.0,0,0.0,1.0,1,46.25,0.49515226546656266,6,213.5,0.44817633173415744,0,26.0,0.7462621953816512,0,0.0,1.0,0,0.0,1.0,1,30.0,0.4924042977061336,2,15.25,1.0685836060924715e-05,0,0.0,1.0,4,61.75,0.23374823989914548,0,0.0,1.0,0,0.0,1.0,4,143.0,0.01393313887312693,0,0.0,1.0,2,56.5,0.33208871304959825,2,42.75,0.33070810671275996,3,59.0,0.0,0,20.0,0.9881470865011097,4,129.5,0.0006187142861479571,2,53.75,0.18824504709748804,1,38.5,0.0,4,170.25,0.0,5,130.75,0.0006907572828774367,1,41.75,0.4969774479894222,4,86.75,0.0,1,36.25,0.5432699940143816,0,21.0,0.718009724373239,0,0.0,1.0,3,101.0,0.24867050796350754,0,0.0,1.0,1,9.75,0.0,0,0.0,1.0,1,121.75,0.3913205158672989,2,32.25,0.28102709197517867,6,199.25,0.0005950956203837808,1,6.25,0.0,0,0.0,1.0,1,16.25,0.0,2,26.0,0.0,0,0.0,1.0,2,24.5,0.363597599927522,0,0.0,1.0,0,0.0,1.0,2,29.0,0.2579285169544837,8,109.0,3.6737341899871166e-07,0,0.0,1.0,0,0.0,1.0,0,0.0,1.0,0,0.0,1.0,1,34.0,0.0,0,89.75,0.4790403448057649,0,0.0,1.0,0,0.0,1.0,4,73.0,0.004982594851246447,4,75.0,0.002005458380696394,3,146.0,0.49414215603807565,0,1.0,0.9152507506821249,5,105.25,0.2077616019583827,217,6887.75
21975.0,231,4842.75,3.6466490963855422,10.877992601401855,430829343.36062276,137266648.35210663,0,31.25,0.9979546581071632,0,0.0,1.0,0,0.0,1.0,0,0.0,1.0,2,33.0,0.0,1,39.0,0.6158719406789528,0,0.0,0.836580738623322,0,0.0,0.14960026396836712,0,0.0,1.0,0,0.0,0.7501199932236015,1,10.25,0.489413788785107,0,0.0,0.9899217963605866,3,78.0,0.0833431901357968,0,0.0,1.0,4,143.0,0.4955182276075683,4,141.5,0.0,0,0.0,1.0,2,53.0,0.0,0,121.5,0.7446737416953471,0,35.25,0.6475745397746592,0,0.0,1.0,4,50.75,0.01295278665871295,0,0.0,0.8431034324656327,4,512.0,0.41949204574667953,0,0.0,1.0,4,105.0,0.37621328855719693,0,34.0,0.9828483303084863,0,0.0,1.0,1,29.5,0.0,1,14.5,0.0,9,258.75,0.13755913428985386,0,4.0,0.9797434069596997,10,400.25,0.2598142682508162,2,42.75,0.0,2,61.75,0.0,2,53.25,0.0,0,0.0,1.0,1,56.5,0.3387386044533631,2,210.0,0.0,0,0.0,0.13552645855798587,5,133.0,0.0,0,0.0,1.0,2,17.5,0.0,0,17.25,0.9860239118305124,4,99.25,0.0,3,31.75,6.26454118714002e-05,4,36.5,0.044148827856721626,0,26.5,0.994645203483295,3,70.0,0.0,2,68.25,0.44594617968333605,1,16.25,0.0,0,0.0,1.0,1,2.25,0.0,1,1.25,0.0,1,45.5,0.0,1,20.5,0.0,0,0.0,0.8888048820229327,1,32.25,0.09431130678920913,0,0.0,1.0,2,46.75,0.1719695240321665,17,380.0,0.10470065834722493,2,244.0,0.23668016358701563,2,62.25,0.0,4,108.5,0.0,5,187.25,0.1648216308837977,2,141.0,0.04388821547693278,2,8.0,0.0,0,0.0,0.9849606720457851,1,53.75,0.3923932658793167,7,136.0,0.03537608270350808,0,0.0,0.991948914748879,0,0.0,1.0,0,5.25,0.12666080377943026,6,129.75,0.17860750347945953,0,17.0,0.5562963542778334,12,281.25,0.002924260711797709,0,0.0,1.0,0,0.0,1.0,3,140.0,0.2284639689470037,0,0.0,0.5822860290544447,2,17.0,0.0,2,92.75,0.16938432025264447,0,10.0,0.634275184296282,0,0.0,1.0,0,0.0,1.0,0,24.0,0.989235310475083,2,69.5,0.041620468709153244,1,62.25,0.0,6,241.75,0.028357872962124477,6,149.0,0.010227498229893444,0,0.0,1.0,8,149.25,0.039083775053887035,0,0.0,1.0,0,0.0,1.0,6,228.5,0.14173434161477316,1,21.0,0.0,10,228.0,2.433386270946002e-05,0,0.0,1.0,4,88.0,0.11174093453999423,0,0.0,1.0,0,0.0,1.0,1,31.25,0.492730154781242,0,0.0,1.0,0,0.0,1.0,0,0.0,0.07980765810212875,0,0.0,1.0,5,129.25,0.0,1,22.5,0.493129523193445,0,0.0,1.0,0,0.0,1.0,2,13.0,7.081452293955336e-06,0,0.0,1.0,0,14.0,0.9457092424543768,0,14.0,0.9883667930055716,0,0.0,1.0,0,0.0,1.0,0,10.5,0.9904950809688025,0,0.0,1.0,0,0.0,1.0,0,47.5,0.9094262618239383,5,149.5,0.012361771918535365,1,91.75,0.7893886085355819,2,18.25,3.438163410138248e-06,0,94.5,0.894916498885579,218,7094.5
22000.0,309,6789.75,4.930827886710239,10.382080074247638,465533794.72274315,148321501.32800713,0,0.0,0.9849467997983838,0,0.0,1.0,0,0.0,1.0,0,0.0,1.0,2,28.25,0.0,1,76.25,0.49902630913802426,0,68.0,0.9808278502238617,1,24.75,0.0,0,19.75,0.9890214373298001,1,22.5,0.0,0,0.0,0.8226632605081484,2,53.75,0.25876614837402084,0,57.5,0.41554501261659793,0,0.0,1.0,10,246.25,0.00048332587658755997,1,84.25,0.258546256477544,0,0.0,1.0,6,109.75,1.6827009814532345e-06,0,0.0,1.0,1,144.0,0.6931149086674753,0,12.0,0.9751644594192036,0,79.25,0.8397176689379908,3,12.75,0.002098025236194578,5,644.5,0.3469871178807176,0,0.0,1.0,6,206.75,0.22119986095249525,0,0.0,0.9893760532037653,0,2.75,0.7750425677689501,2,75.5,0.0,1,39.5,0.250898711604235,27,751.0,0.05584952839462914,0,0.0,1.0,18,581.0,0.059315390148785396,1,9.5,0.0,0,0.0,1.0,3,36.0,0.0007421148691026451,0,0.0,1.0,2,69.5,0.0,2,260.0,0.0,1,24.75,0.0,3,163.0,0.24684305239497054,2,26.25,0.0,0,0.0,1.0,4,43.0,0.0893082604354331,1,4.75,0.49958282103993196,2,15.0,0.0009557936564101512,7,192.25,0.0,0,6.0,0.9450774573648388,1,46.75,0.3761933559272668,7,217.5,0.0010846584352370583,0,5.75,0.30511531642703216,2,52.25,0.028271578632693493,1,27.25,0.0,0,0.0,1.0,4,37.25,0.058359869367493766,2,21.5,0.0,0,37.0,0.907190156699143,0,44.25,0.45733010528331447,0,0.0,1.0,2,62.75,0.0,2,59.5,0.0,3,51.5,0.5557984426012679,0,0.0,0.5081223742219964,2,11.25,9.173767938458054e-05,0,0.0,1.0,6,174.0,0.026093629247769416,2,61.5,0.0,1,1.0,0.5426181168901543,3,110.5,0.5652189426055584,3,136.5,0.0,0,35.5,0.9581349395258227,0,0.0,1.0,0,5.0,0.9908532772310816,13,414.0,0.0,0,0.0,1.0,19,670.5,4.530099746486957e-06,0,0.0,1.0,0,18.25,0.9989715377512763,1,121.25,0.03346758778366017,4,105.0,0.0,5,65.25,0.11506389880324314,3,36.25,0.017766298615925144,1,33.0,0.24279904190305798,1,3.75,0.0,0,0.0,1.0,7,81.75,0.01742962775165928,0,64.5,0.31440393575038816,0,0.0,1.0,2,155.0,0.2646738208656447,8,402.25,0.33072876255589756,1,8.75,0.0,12,377.5,2.1131798993370003e-05,0,17.0,0.9846379770826962,1,4.0,0.0,2,42.0,0.36707314188443974,1,46.0,0.0,2,31.75,0.2171402941674013,0,26.25,0.9891697678026791,10,306.5,0.14503465755152156,0,0.0,1.0,2,37.0,0.002433620596177758,1,3.0,0.0,0,0.0,1.0,0,0.0,1.0,0,10.25,0.7150216114612018,1,15.0,0.2106778754543246,5,124.5,0.10785963681862686,0,0.0,0.7259633598705829,0,0.0,1.0,1,16.0,0.0,7,111.5,4.51167276355875e-06,0,0.0,1.0,0,21.5,0.9864697772276202,0,0.0,0.9850390846359394,0,0.0,1.0,0,0.0,1.0,0,12.5,0.9831678023893817,0,0.0,1.0,1,15.75,0.0,6,149.75,0.16112053464465603,6,209.75,0.0,2,134.75,0.7272697336169356,1,9.75,0.0,1,22.5,0.6368468730581817,283,9312.5
22025.0,259,5254.75,3.606554564172958,11.110351183036741,489637416.77465737,156020039.83283755,0,113.75,0.881779325151631,0,0.0,1.0,0,0.0,1.0,0,0.0,1.0,0,0.0,1.0,1,84.75,0.6529964793287776,0,121.5,0.9587166010984978,0,14.75,0.19390697340920474,1,1.5,0.6824287894354808,1,48.25,0.5274151847774979,0,15.0,0.9950882168958631,0,0.0,1.0,1,14.25,0.4371287280658149,0,0.0,1.0,2,88.75,0.0,5,175.0,0.2334525349544537,0,0.0,1.0,0,32.75,0.49814085033889777,0,0.0,1.0,12,301.75,5.9526398018940464e-05,0,0.0,1.0,1,20.25,0.49035838751382577,2,54.5,0.0,2,207.0,0.7122173478344003,0,0.0,1.0,11,255.75,0.07686957539290244,0,0.0,1.0,5,127.5,0.04666346890079169,1,21.25,0.0,2,33.5,0.0,19,736.5,0.09568829864354766,2,24.0,0.09645550933942892,3,632.0,0.3567915837331018,0,0.0,1.0,0,0.0,1.0,0,43.0,0.9227306835686919,0,0.0,1.0,4,61.0,0.3303858935144509,2,312.25,0.5819619443743599,1,32.5,0.3466785924865041,3,47.75,0.20892838615889206,3,82.75,0.0,1,0.25,0.46795009241629854,0,0.0,1.0,2,50.0,0.3270765217194894,2,30.75,0.3307291486754061,9,394.75,0.0,0,0.0,1.0,2,27.25,0.40733503782224545,0,121.5,0.21313537304555097,0,0.0,1.0,5,164.75,0.0,2,73.25,0.0,0,11.0,0.9809690719947173,0,8.25,0.974418211698281,0,0.0,1.0,0,25.25,0.8254025144218073,1,25.0,0.00996269656995403,4,89.25,0.2598604555288006,0,3.0,0.6387039199614797,3,111.0,0.007996506646798147,5,113.5,0.04150448954980723,2,34.5,0.0,2,23.25,0.06618113131732634,0,23.0,0.9901321476186606,14,353.0,0.06369595893616926,2,66.75,1.0422907088027703e-05,3,42.0,0.00015648961623517535,7,52.5,0.2651297862132378,2,14.75,0.00011517981847998023,0,20.0,0.9912125218516602,0,0.0,1.0,0,5.0,0.9927594281415968,3,151.25,0.47803427795136716,0,0.0,1.0,0,0.0,1.0,0,0.0,1.0,0,14.75,0.988267988534173,4,80.5,0.24336117730577317,1,9.75,0.0,3,86.25,0.0,8,167.25,0.15691256547360355,2,36.75,0.020931053381025185,0,0.0,1.0,3,34.0,0.0,1,25.25,0.0,0,0.0,1.0,2,26.5,0.2506584071359825,4,220.75,0.0,2,55.25,0.6622638010949667,1,49.5,0.46819205452919277,1,19.25,0.0,0,52.0,0.8832225525880609,0,0.0,1.0,2,73.25,0.32873691768774976,0,63.25,0.8820215389540557,2,31.0,0.49052431906923094,0,47.75,0.22862907400162502,3,60.5,0.42728924463625306,1,5.25,0.2404107285350325,4,115.75,0.0,0,16.0,0.9888041033428552,0,0.0,1.0,0,0.0,1.0,1,33.75,0.0,0,0.0,1.0,1,6.25,0.499709556559695,0,0.0,1.0,0,0.0,1.0,2,66.25,0.3023791621196859,1,18.0,0.0,0,15.25,0.8975641273220747,0,0.0,1.0,0,0.0,1.0,0,0.0,1.0,0,0.0,1.0,0,0.0,0.9850506703908456,0,0.0,1.0,0,0.0,1.0,0,0.0,0.9942546342767399,4,101.25,0.1978058677464951,10,132.25,0.2512029059349245,0,23.0,0.7313756680654087,1,98.75,0.8153584081468995,219,7523.5
22050.0,337,7857.75,5.217629482071713,9.92943214014465,500087526.2416333,159313049.84581706,0,21.0,0.5820622989659145,0,0.0,1.0,0,12.5,0.9941378215477804,0,0.0,1.0,0,0.25,0.9951260556286339,2,8.75,0.09683157679748826,5,115.0,0.16439222542360374,0,0.0,1.0,0,8.75,0.8047147337412299,1,22.0,0.6724091290688956,0,31.25,0.9867625034400804,0,10.0,0.9880440153597123,3,60.5,0.24645305730478964,1,9.25,0.0,8,236.25,0.09224863614569886,10,336.5,0.04006566994554481,0,0.0,1.0,2,62.0,0.0,0,0.0,1.0,12,601.75,0.0,1,28.0,0.0,5,98.5,0.13366666228141486,0,0.0,0.9872887390230685,3,222.75,0.3961674928013603,0,0.0,1.0,10,310.5,0.0006415464878037412,0,0.0,1.0,11,373.25,2.412062972149957e-06,0,0.0,1.0,2,83.5,0.0,13,422.5,0.22917751148581922,0,67.0,0.2581307475631462,7,590.75,0.21208411047170508,0,0.0,1.0,0,0.0,1.0,1,22.75,0.6606215185555194,1,20.75,0.0,4,145.75,0.19520171277491927,2,360.0,0.0,2,80.75,0.0,6,166.5,0.0065607746474982825,3,157.75,0.0,1,21.75,0.0,0,0.0,1.0,6,133.75,0.05894996084895004,3,94.75,0.04609354525843553,0,315.25,0.09589185347991072,0,57.25,0.9604914166787721,2,57.5,0.3293807964728858,0,0.25,0.9372988283988856,0,0.0,1.0,4,193.5,0.0,3,133.25,0.0,0,0.0,1.0,2,14.0,3.432203190668807e-05,1,41.75,0.6605990499906282,7,124.25,0.15570263994681183,0,0.0,1.0,3,33.25,0.018610940869274575,0,24.25,0.2677715609829986,4,100.25,0.18750690279145912,8,225.25,0.40696419719216453,2,84.5,0.0,0,6.5,0.5582827004760555,1,72.0,0.1918012109495518,5,262.25,0.15032697325613903,0,0.0,1.0,3,117.0,0.39327625105253555,6,138.0,0.24896016863724335,7,111.0,0.00010420111125453328,1,5.75,0.0,0,0.0,1.0,0,27.5,0.6342379914453344,9,181.5,0.0019769646298003355,0,11.0,0.9968454985897827,2,10.75,0.2643055730381603,0,0.0,1.0,0,0.0,1.0,2,93.5,0.5375783196881512,1,34.75,0.0,3,162.5,0.24783766005561403,1,79.5,0.27428655996799023,0,0.0,1.0,0,0.0,1.0,3,109.0,0.0,4,112.0,0.1381694462767594,0,0.0,1.0,9,165.5,0.00010356957408380561,4,320.75,0.0028541596850827937,6,130.25,0.2474574238802209,1,12.0,0.4878435946603641,0,0.0,0.4867583499492587,0,2.0,0.6069640687608115,0,0.0,1.0,5,177.25,0.0,0,69.25,0.9839081419452211,7,201.0,0.0,0,0.0,1.0,12,254.25,0.013768995640587292,5,71.25,0.007936805885906738,6,265.5,0.0,0,0.0,0.8561251018720266,0,0.0,1.0,0,0.0,1.0,2,51.0,0.2632476305587727,0,0.0,1.0,2,61.25,0.4964533799319756,0,0.0,1.0,0,0.0,0.984170241341288,2,72.5,0.0,2,20.0,0.09893999126387261,0,31.25,0.9607627366540145,0,3.5,0.9887035883020556,0,0.0,1.0,0,0.0,1.0,0,0.0,1.0,3,71.75,0.4913951816809156,0,0.0,1.0,1,3.5,0.0,1,24.75,0.2975039618702994,7,203.0,0.009365678291496276,14,403.25,0.12230195027372015,2,87.5,0.3287399309953422,13,259.75,0.2217042316356078,313,10838.0
22075.0,308,7755.25,5.026085547634478,10.104780841780766,489271585.6088849,155894892.8022844,0,0.0,1.0,0,0.0,1.0,0,0.0,1.0,0,0.0,1.0,0,12.25,0.41065900278777,0,0.0,0.9956810838748302,0,74.75,0.9520620604577779,1,1.75,0.0,0,35.25,0.9962400114572592,1,46.5,0.4904188662800621,0,0.0,0.9480191377069501,0,53.75,0.361128559493773,3,161.75,0.524081841513741,0,0.0,1.0,15,567.25,0.0,7,174.75,3.2005662797038675e-06,0,0.0,1.0,6,120.5,0.0,0,0.0,0.9876667170293602,0,0.0,1.0,0,0.0,0.9830728758948782,0,0.0,1.0,0,0.0,0.9174991302092113,3,280.0,0.3949673917142696,0,0.0,1.0,13,602.75,0.019055309451872553,1,10.75,0.0,0,0.0,1.0,0,0.0,1.0,2,44.75,0.0,16,397.75,0.09614061503922813,0,0.0,0.9789407310725204,10,690.0,0.029389809421907484,0,14.0,0.8225797479913454,0,0.0,1.0,0,0.0,1.0,1,45.75,0.0,4,191.25,0.21008156234371755,2,410.0,0.0,0,0.0,1.0,2,108.25,0.11255341597412313,0,0.0,0.9738221585018766,0,0.0,1.0,0,11.25,0.3365652473645174,6,185.0,0.0,2,58.5,0.21570144684280032,1,1.0,4.959781392665021e-06,0,25.25,0.792290961008993,1,4.0,0.2892109104721976,3,25.5,0.0043859451867083584,0,7.5,0.20082972620966166,1,34.5,0.0,1,32.75,0.49311674578278747,2,67.0,0.32394194322825703,2,65.5,0.38449865414516915,8,211.5,0.10945743162912955,0,0.0,1.0,2,30.25,0.4155417969072821,1,27.5,0.0,1,44.75,0.4354159002987892,8,277.75,0.11331465361752613,4,174.5,0.14718319781961015,1,14.0,0.0,1,11.5,0.0,3,96.75,0.38488890826669037,3,157.75,0.3274150745215069,1,37.75,0.48904235823297837,0,0.0,1.0,5,99.75,0.28220097326953697,8,314.25,0.3384030984776958,1,30.75,0.6403976413553042,0,0.0,1.0,0,0.0,1.0,11,498.5,0.15426430435997804,1,9.75,0.0,10,175.5,0.06088199049819965,0,0.0,0.9866101763027084,0,0.0,1.0,4,151.25,0.0,1,29.0,0.0,2,115.75,0.3936517780067088,1,56.25,0.5533494722220134,0,0.0,0.9776907201921825,0,8.0,0.9864980114075432,0,0.0,1.0,6,187.5,0.0,3,29.75,0.09532815482736581,1,35.0,0.0,4,259.25,0.02462296293860442,7,283.0,0.188461711837578,1,37.0,0.0,5,167.0,0.05356842882961707,0,0.0,1.0,0,0.0,1.0,5,86.25,6.733842899152042e-05,0,0.0,1.0,0,0.0,1.0,1,11.75,0.0,1,11.75,0.4951422970732476,0,0.0,1.0,1,20.75,0.24133751218923374,1,22.75,0.0,0,0.0,1.0,0,0.0,1.0,4,108.25,0.0,0,14.0,0.9721653043600361,4,144.0,0.49498344588744714,0,16.5,0.2857722477642934,0,0.0,1.0,0,0.0,1.0,8,193.5,0.013137811388655137,0,0.0,1.0,0,3.0,0.9594428542797169,0,0.0,1.0,0,0.0,1.0,0,0.0,1.0,0,3.5,0.9754537608248365,0,0.0,1.0,0,0.0,1.0,3,211.0,0.6252218763997269,9,443.5,0.00718110398494424,8,301.0,0.19608882682029322,2,46.75,0.0,0,9.0,0.9083976895025074,257,9780.0
22100.0,271,5515.5,3.3610603290676417,9.983575453265631,516776712.97299564,164667196.71919554,0,99.25,0.9317289783796187,0,0.0,1.0,0,0.0,1.0,0,0.0,1.0,0,0.0,0.6705866259209035,0,0.0,1.0,0,21.75,0.9934193423941265,1,26.75,0.0,1,17.25,0.39508939523597075,3,173.0,0.13988789262451323,0,0.0,1.0,1,5.25,0.0,6,125.75,9.582247808799326e-07,0,0.0,1.0,3,200.5,0.4760937665582167,3,144.25,0.27286665541591754,0,0.0,1.0,1,29.25,0.2697999163062738,2,23.5,0.0,4,229.75,0.1567203881093873,0,0.0,1.0,0,2.0,0.8836568066710314,0,0.0,1.0,3,406.75,0.527363581917738,0,0.0,1.0,6,127.5,0.3290265819563716,0,10.5,0.987694395685213,7,94.75,0.0463690423455493,0,2.0,0.8662060022640102,0,0.0,1.0,18,863.5,0.12352589102695306,3,25.75,0.1356959485065984,16,488.0,0.16400888333676847,3,76.75,0.0,1,2.5,0.0,1,72.75,0.7224041973781499,1,2.5,0.5279921671475359,0,175.25,0.25043422747656063,2,460.0,0.0,0,0.0,1.0,2,49.5,0.33808183694434896,3,38.5,0.0,2,36.0,0.024476511157723764,0,0.0,1.0,0,0.0,1.0,0,6.5,0.48517267111394163,4,48.5,0.000559029326393779,0,0.0,0.9923469893918518,3,150.5,0.20971101774015175,9,194.5,0.0,0,16.0,0.9929220870188502,6,152.25,0.10547130627354018,5,83.75,2.8586968401864348e-05,0,0.0,0.9811594548871567,0,0.0,1.0,0,7.0,0.9929226883784352,0,6.25,0.9979105900917911,1,17.0,0.49982466036024603,4,56.5,0.014731518376979402,2,25.0,0.0,0,0.0,0.9803936570015912,1,2.75,4.7579764959648594e-06,0,0.0,1.0,4,59.25,0.00021644545441088412,2,61.0,0.027717476176578895,6,304.0,0.02396275614631964,0,0.0,1.0,0,0.0,1.0,4,80.0,0.373639480384734,7,307.25,0.05976554977422827,1,61.5,0.6641654503597385,0,0.0,1.0,0,0.0,1.0,6,439.75,0.09744475347989924,0,0.0,1.0,15,495.75,0.09883262647718843,0,0.0,1.0,0,0.0,1.0,2,18.5,0.19708042288922586,1,4.25,0.0,0,0.0,1.0,3,33.75,0.2076199388405811,3,20.25,6.0698528303362145e-05,0,0.0,0.9938112515442119,1,12.25,0.0,1,26.25,0.0,1,3.75,0.0,1,23.5,0.0,6,398.0,0.1843378957387542,5,89.0,0.4724266465683253,1,62.0,0.0,1,15.25,0.0,1,23.0,0.5552447719363595,0,0.0,0.31817504624572773,1,25.5,0.1983629943284274,0,39.0,0.9890081256410543,5,110.5,0.2322913557975287,1,6.75,0.0,4,112.75,0.2547412333334071,0,0.0,1.0,4,92.5,3.0775065799611395e-05,0,38.25,0.2977172007100424,0,0.0,1.0,1,5.25,0.046230829197981486,1,17.75,0.0,0,0.0,1.0,6,159.5,0.0,6,107.75,0.09539132661660839,0,0.0,1.0,0,4.25,0.9179706605922892,1,12.5,0.4993215396004165,0,0.0,1.0,0,15.25,0.9617452641796908,0,42.5,0.9361855699918887,0,6.25,0.9967277347621788,0,0.0,1.0,0,0.0,1.0,0,0.0,1.0,0,0.0,1.0,1,134.0,0.2987495196352766,7,326.75,0.07818746525730948,1,111.25,0.7704450540588799,0,0.0,1.0,1,23.0,0.025665639592565154,240,8726.75
22125.0,313,6420.0,3.7521917007597896,9.991576079377639,561081712.472211,178770990.0570556,0,0.0,1.0,0,15.0,0.983483025008397,0,0.0,1.0,0,0.0,1.0,0,0.0,1.0,0,0.0,0.9991029738776644,3,104.75,0.4019833376757327,1,6.25,0.0,0,0.0,1.0,2,25.5,0.0,0,19.25,0.9651638790533505,0,0.0,1.0,0,0.0,1.0,0,0.0,1.0,14,329.0,0.007375914476190423,8,286.25,0.004881824042853114,0,0.0,1.0,1,38.75,0.17375576888308727,2,73.5,0.0,11,459.25,0.0,0,0.0,1.0,3,32.75,0.3924093850648907,0,0.0,1.0,3,724.5,0.6991459024223933,0,0.0,0.9600214818685359,14,343.75,0.1801019592764835,0,0.0,1.0,9,314.0,0.0,2,53.0,0.018668170772108302,1,22.0,0.0,21,728.5,0.06983698555382793,0,102.75,0.4010543547042523,12,490.5,0.1273083966486108,1,85.25,0.5361607022085145,2,37.0,0.0,1,53.25,0.621876558840105,2,63.0,0.13412716692679288,0,0.0,1.0,6,155.0,0.03942774144776768,2,42.25,0.0,6,206.25,0.3483200387966013,3,113.0,0.044760163308291884,4,70.75,0.08077393622928443,7,220.75,0.06680136859026972,1,12.0,0.6720505509591836,1,24.0,0.49266340974981,4,148.5,0.005742040242375416,0,0.0,1.0,5,116.5,0.0,3,38.75,1.1160012360366274e-05,0,5.25,0.96058442228221,3,159.5,0.13101271454514082,3,101.25,0.0,0,0.0,1.0,0,0.0,1.0,0,0.0,1.0,1,0.75,0.7966305490135719,1,41.0,0.6527719685048995,4,113.5,0.06990298867289002,3,106.5,0.10435086635662676,0,0.0,1.0,2,35.5,0.38635171408403063,1,3.0,0.0,1,14.75,0.4983639281826761,5,196.25,0.16403829698873768,8,328.75,0.06538951644090289,0,9.25,0.931838350999269,2,37.5,0.10138827829652973,5,144.0,5.563770259322467e-06,9,406.0,0.0400952727857066,2,149.5,0.4800976487522332,1,4.5,0.19712864686154707,2,18.75,0.0,7,162.0,0.005958563863589738,1,6.75,0.0,0,12.25,0.8363309688597211,0,11.75,0.9066968176543561,0,0.0,1.0,1,27.5,0.21417232869939912,2,41.25,0.0,0,0.0,1.0,6,145.25,0.06463077394507744,1,20.0,0.0,0,13.75,0.9843103974456473,1,37.25,0.0,5,174.0,0.20451673182306832,1,28.75,0.4913255029803651,1,48.5,0.0,1,436.75,0.08839146682853685,4,155.75,0.2702424143834581,1,36.75,0.6642788969860881,0,0.0,1.0,0,168.5,0.45901876913422224,0,0.0,1.0,2,91.0,0.020538165221678846,1,35.5,0.7413824235994506,0,101.5,0.32533032739355644,0,0.0,1.0,2,83.25,0.3381381939895061,0,0.0,1.0,5,217.75,0.03865366807032155,0,0.0,1.0,0,0.0,1.0,2,53.0,0.0,1,42.75,0.0,0,0.0,1.0,0,0.0,1.0,1,31.75,0.47306636220517717,0,9.0,0.9903696856343955,0,0.0,0.025275745294285213,4,94.25,0.021267222554189447,2,1.25,0.38395332093619944,0,17.5,0.9853780814491719,0,0.0,1.0,0,14.0,0.9991670858977743,1,18.5,0.0,0,0.0,1.0,0,0.0,1.0,0,0.0,1.0,0,66.5,0.1986247303366038,2,50.0,0.4888685800988627,1,120.25,0.8405021974708441,2,54.25,0.3310310537109272,0,10.5,0.31363808717790664,266,10070.25
22150.0,315,6457.75,3.6567100792751983,10.27162433130751,544524810.7847389,173503941.38471922,0,0.0,1.0,0,0.0,1.0,0,0.0,1.0,0,0.0,1.0,0,20.0,0.991638897635908,0,0.0,1.0,2,39.0,0.32998437693468546,1,1.75,0.4990967766760125,0,37.25,0.961105843102691,6,107.75,0.0774795677557031,0,8.5,0.978651960484513,0,0.0,1.0,0,40.25,0.990636760785382,0,0.0,1.0,3,280.0,0.29264280064388265,5,156.0,0.0004396093478282475,0,0.0,1.0,6,139.0,0.0,0,0.0,1.0,1,298.25,0.3169210452853708,0,27.0,0.9915920273190872,0,5.75,0.6338984259844853,13,332.25,0.13229317065186666,7,498.75,0.4157297812630009,0,0.0,1.0,18,680.25,0.07882812276197501,0,0.0,1.0,1,5.25,0.0,0,0.0,1.0,1,4.25,0.4948296338543205,22,1139.0,0.11299818781709367,1,2.5,0.4872302887344145,8,216.75,0.2701952719235506,2,18.5,0.29436857884769746,1,4.0,0.0,2,40.25,0.0083012666522301,1,48.5,0.13684071893001637,2,66.0,0.45054341630263917,1,165.25,0.3168612880510709,0,22.25,0.6332434897686644,6,208.5,0.2777634932550241,0,0.5,0.8788330682293268,1,34.75,0.4880132902309924,0,0.0,1.0,6,121.25,0.05344904357718756,2,43.75,0.3965026286324699,9,311.0,0.000547890029846305,0,0.0,0.9876145001477687,7,266.75,0.0008195776501708831,3,115.75,0.24692836834136292,2,69.25,0.22572045601587912,0,0.0,0.996481826457148,0,0.0,1.0,0,13.0,0.6410180590371748,0,0.0,1.0,0,107.25,0.37500265642502845,4,64.25,0.19622209696858253,2,35.0,0.0,0,0.0,1.0,1,42.5,0.0,1,196.0,0.8287200108657726,10,180.0,3.290003536940221e-06,1,28.0,0.0,6,118.75,0.04052676541650966,2,51.25,0.32881108671072395,17,692.75,2.783045011298701e-05,1,28.25,0.0,1,35.75,0.492682972864423,1,8.0,0.6153732472342728,4,174.0,0.18818174869592186,3,187.5,0.0,0,0.0,1.0,2,68.75,0.0,10,375.25,1.123107193044529e-06,3,77.25,0.05779084965835384,0,0.0,1.0,0,0.0,1.0,0,0.0,1.0,2,43.0,0.0,2,30.25,0.0,1,7.75,0.0,8,141.0,0.08093020704806975,1,45.0,0.4171876843185868,0,17.0,0.996648410999844,0,0.0,1.0,9,304.0,0.0009419965233055791,1,53.75,0.0,0,0.0,1.0,5,328.5,0.0006111029045599071,6,194.0,0.3887528762061153,2,59.75,0.4940251696311484,2,22.5,0.0,0,17.0,0.9798035888588876,2,19.5,0.0,7,163.5,8.269380259615063e-05,1,43.25,0.31582004648014045,1,20.0,0.4879204664411105,0,15.75,0.9803179465542369,1,91.5,0.3713605176852489,0,0.0,1.0,0,30.5,0.7496314249400075,1,8.75,0.0,0,30.25,0.34617443634716893,0,0.0,1.0,4,103.25,0.005284458018207122,1,16.25,0.7272705536747587,0,0.0,0.6566521332074688,1,11.25,0.0,0,0.0,1.0,0,0.0,1.0,0,52.0,0.42596281290369387,0,83.0,0.2979754522353446,0,0.0,0.9851874680205767,0,7.0,0.9905386749445857,0,27.25,0.988671214895479,0,0.0,1.0,0,27.75,0.9914070808992544,0,10.25,0.8447303229727542,0,0.0,1.0,0,82.75,0.8954660626631882,1,48.5,0.0,4,257.25,0.44064517424058663,0,0.0,1.0,0,22.25,0.8948904224578756,272,10494.5
22175.0,389,8248.75,4.517387732749179,9.850227040501139,595675217.8132895,189782774.2591751,0,0.0,1.0,0,0.0,1.0,0,0.0,1.0,0,0.0,1.0,9,289.5,0.14277840793936422,0,0.0,1.0,2,24.5,0.32676820724803923,2,36.75,0.0,0,4.25,0.614386596888288,0,26.5,0.6799849805983641,0,13.5,0.9956012650357047,1,16.0,0.0,3,114.0,0.1530133680726019,0,0.0,1.0,10,278.25,0.024590725479388842,3,70.5,0.0,0,0.0,1.0,0,0.0,1.0,1,13.5,0.49390847711126784,2,45.0,0.0,0,5.25,0.9793967734845096,2,24.25,0.3319904581211217,0,7.0,0.8026118620691755,1,164.5,0.7303464793189358,0,0.0,0.9889727115511457,19,778.25,0.09499664421519628,0,0.0,0.8721378846894019,1,35.5,0.2313997695587965,0,0.0,1.0,2,51.75,0.0061904939099760225,22,984.0,0.1368750642458065,7,99.25,0.00033184207538164477,11,421.25,0.31993731035293593,1,4.75,0.0,1,29.0,0.0,9,217.25,0.07213294361407692,1,9.5,0.0,7,106.5,9.088404405904522e-05,1,190.25,0.0,0,0.0,0.8234482863206241,5,164.5,0.25935764326938043,0,0.0,0.4986378533359743,2,31.5,0.0,2,55.75,0.4174591100135433,6,376.25,0.12193460907316615,0,13.5,0.3079094963647895,2,48.5,0.0,0,0.0,1.0,1,27.5,0.3963673182054328,12,335.5,0.0045498099008806575,0,0.0,1.0,1,45.0,0.18964244370458014,0,0.0,1.0,0,0.0,0.9902151322821622,4,90.0,0.029258697616928963,1,13.5,0.0,0,14.5,0.9279584517377113,1,4.75,0.49914179365582106,0,0.0,1.0,5,119.25,0.08493331447897659,19,453.25,0.0002129194693661188,17,374.0,0.0001995435032866839,1,28.5,0.0,6,166.75,0.007430250428411486,0,27.5,0.6486190203314228,11,503.5,0.0,1,53.25,0.4931298775701515,1,7.75,0.3075083638079858,7,125.5,0.21997548028799044,8,243.5,0.16237622389211387,3,272.5,0.24982235124832525,0,5.0,0.9946742934748845,0,0.0,0.9941311710708287,17,772.0,0.0264580037793279,3,117.0,0.0,3,60.25,0.3889893400726481,0,0.0,1.0,0,17.25,0.9773743245967178,6,77.0,0.20925349946285746,2,80.25,0.0,2,20.75,0.0,3,49.0,0.15037970316215596,6,124.0,4.928410371600693e-06,4,20.25,0.04453269852678372,1,14.25,0.17331864876585495,0,2.0,0.9941740814279089,2,12.5,0.02297404907733401,0,0.0,1.0,4,130.5,0.33007330401530316,9,413.75,0.24839775690421068,2,99.75,0.037393996351460304,2,37.5,0.2159486674834567,0,18.75,0.9951434102384094,0,0.0,1.0,0,0.0,1.0,0,35.75,0.060879232328446345,6,121.5,0.019753679411089447,0,0.0,1.0,0,25.0,0.418711964003966,1,8.0,0.0,0,0.0,1.0,1,33.75,0.37817165397976077,2,75.25,0.0,0,0.0,1.0,7,144.0,3.5933432012727515e-05,1,32.5,0.0,4,149.75,0.5943689338374497,0,0.0,0.08486497950920895,0,0.0,1.0,0,0.0,1.0,0,0.0,1.0,0,13.5,0.9906572275485779,0,24.0,0.9945368679003046,0,0.0,1.0,0,0.0,1.0,0,0.0,1.0,0,35.25,0.9795956353684531,0,0.0,1.0,0,0.0,1.0,3,143.75,0.2171219167053141,1,104.0,0.11578702551696371,2,105.25,0.7106821572135502,1,22.5,0.5913179971333242,1,22.75,0.0,330,10824.75
22200.0,345,6002.0,3.177342509264161,10.394632663746872,631452879.8549652,201198259.0519371,0,17.0,0.7949711389474469,0,0.0,1.0,2,8.5,0.0014092987542108208,0,0.0,1.0,1,94.25,0.7331859830353205,8,104.0,0.007520165994158441,0,18.0,0.9958972722412667,2,86.75,0.0,0,0.0,1.0,0,0.0,1.0,2,34.0,0.0,3,58.5,0.3354257996239928,2,40.0,0.03616659179384794,0,0.0,1.0,15,318.0,0.01654818093284221,5,100.0,0.03968548947627407,0,0.0,1.0,5,101.0,0.0001586225642608381,9,160.75,0.0005502483410397492,3,87.25,0.24661876064302618,0,0.0,1.0,4,61.25,3.5080351671066463e-05,0,1.0,0.7865548024638126,2,311.5,0.7510439286707145,0,0.0,1.0,4,473.75,0.36824657508473274,4,28.5,0.0,4,56.75,0.0010045400716577027,2,36.25,0.0,0,0.0,1.0,29,1279.0,0.052624575745559274,1,85.25,0.4993122734051427,18,496.0,0.03844915253625808,1,29.75,0.0,0,0.0,1.0,1,141.0,0.8192620568649129,2,64.5,0.17155230458606197,0,0.0,1.0,1,220.5,0.7863534264045686,0,0.0,0.9796271670204898,2,72.0,0.32868408865505955,3,68.25,0.0,3,21.0,1.7742029049321373e-05,1,117.25,0.18123387129901797,1,14.0,0.31355149210433425,4,58.25,0.19757355418380618,2,22.25,0.009463531254261052,0,0.0,1.0,0,0.0,0.872598873103526,10,311.25,0.03688113449447436,6,39.0,0.005316776748393321,8,200.25,0.005232686698081177,1,34.5,0.0,1,22.25,0.0,0,8.25,0.9995252907842146,1,27.5,0.0,0,12.75,0.8868794736607836,2,51.25,0.5880131373396634,4,83.25,0.002874074059147313,3,245.75,0.08675433619612241,1,15.25,0.4992921728579061,2,35.5,0.05688699318183569,1,53.5,0.0,1,3.75,0.0,1,56.25,0.8085891368387621,5,291.25,0.08467194450553235,4,38.25,0.19912517933497947,3,74.5,0.24877471365420606,2,187.5,0.36098300992658267,9,311.75,0.1855220050792484,0,20.0,0.9603117182398515,0,0.0,0.9677682498623854,0,1.0,0.9842151399132484,13,459.25,0.16356799142425466,1,34.25,0.497942817154732,5,182.75,0.1830985384947033,0,0.0,1.0,0,0.0,1.0,2,120.5,0.17608155395862146,1,16.5,0.0,0,0.0,1.0,4,95.0,0.014482675680922107,2,25.25,0.26920685548269074,0,0.0,1.0,2,63.25,0.0,5,72.0,0.28171619622814786,0,0.0,1.0,1,10.0,0.0,0,100.0,0.4806004073259353,3,231.25,0.7032797928823633,2,16.0,0.009140552972239212,14,251.25,0.05888385267693585,0,164.5,0.7287807396058031,0,0.0,1.0,3,48.5,0.0,0,46.0,0.9472797646717497,1,114.0,0.411637748445355,0,0.0,1.0,0,30.25,0.9281490878909994,1,33.0,0.0,0,1.75,0.6339938686130859,0,0.0,1.0,0,0.0,1.0,0,13.0,0.996709850488044,0,0.0,1.0,0,0.0,1.0,10,269.25,0.0,0,0.0,1.0,0,0.0,1.0,1,2.0,0.0,6,138.75,4.2803518383244536e-05,0,0.0,0.9880349712588303,0,40.25,0.9365658688121771,0,15.0,0.9202505148699076,0,13.0,0.980247536660267,0,16.25,0.9950156593095071,0,64.75,0.985613217696865,0,0.0,1.0,0,0.0,1.0,1,26.25,0.6786871301627515,4,90.0,0.016656514320877013,1,45.0,0.7030395288162197,1,5.25,0.44047508478299857,2,65.75,0.4915006757158862,297,9930.25
22225.0,344,7546.0,3.8816872427983538,10.97936637668907,643706504.4359795,205104932.4014597,0,97.0,0.9798054306657041,0,14.25,0.8979190451943826,0,0.0,1.0,0,0.0,1.0,0,0.0,0.9935618667749193,0,0.0,1.0,1,13.5,0.4877850910786465,0,0.0,0.4328347410419544,0,25.25,0.9401926279831723,0,0.0,1.0,0,18.25,0.8692400671488683,0,0.0,1.0,3,64.5,0.4896190298444945,0,0.0,1.0,5,180.75,0.0,9,303.75,0.08189369849645407,0,0.0,1.0,4,192.0,0.0,9,365.5,0.09903278153095471,4,119.25,0.0,0,0.0,1.0,0,39.25,0.4903415915159729,0,0.0,0.9864922648257396,4,348.5,0.6949775213849995,0,0.0,1.0,8,305.5,0.06347806113740767,0,0.0,1.0,5,190.5,0.0,0,0.0,1.0,0,0.0,1.0,18,760.0,0.00011500850317275148,1,55.0,0.5789780354265047,6,409.75,0.24696766847541166,3,56.5,0.04548991317530227,0,0.0,1.0,0,2.0,0.9979661043326038,5,131.5,1.7113918920455886e-06,0,0.0,1.0,1,244.0,0.4420631372744832,3,61.75,0.24839077767486087,4,138.5,0.17649543472604398,4,195.25,0.10213164473093811,0,0.0,1.0,0,0.0,1.0,8,145.0,0.12431157568726034,1,77.75,0.1992095054694362,6,108.5,0.002513768812839926,0,28.75,0.9351959560731302,0,0.0,1.0,2,16.0,0.49331387819288325,8,237.75,0.0,4,177.25,0.19563671609614763,1,59.5,0.0,0,0.0,1.0,0,0.0,1.0,0,29.75,0.9891530799610294,0,24.0,0.8730609616783089,2,28.5,0.32754460084287507,1,15.0,0.0,1,45.25,0.0,1,65.25,0.6995182828998877,6,159.75,0.2942800707064258,2,85.25,0.0043020534918858655,1,4.75,0.0,0,37.25,0.2999813634564153,7,291.5,0.09080103345012912,1,55.5,0.0,3,149.5,0.3340410970880326,4,288.25,0.6295211389357476,4,235.75,0.12625786202083628,0,4.0,0.8556273367858807,0,4.0,0.7095088593870801,0,30.0,0.9814193191820667,6,99.0,0.2630858687279842,5,85.0,0.2125755152828075,0,76.75,0.3839901627897463,0,0.0,1.0,0,11.0,0.9851080317560936,2,78.5,0.0,2,70.0,0.017333987249436217,0,30.25,0.9579698759839146,6,227.5,0.0039124708349388805,1,39.75,0.4984640959642933,0,11.0,0.9977380351568657,2,113.25,0.0,0,113.0,0.1613456430395662,1,37.25,0.4996370806772178,4,76.5,0.0015149488535907266,6,148.5,0.07351398256198301,8,252.75,8.54912638805891e-07,1,10.75,0.0,18,670.5,3.588428031608392e-07,0,44.5,0.9731803797730445,0,0.0,1.0,7,246.75,0.16187910602948102,0,0.0,0.9835557026751376,1,7.75,0.0,0,1.0,0.989528695554985,14,322.5,0.08431034544224648,3,21.0,0.12072898838310603,3,51.25,0.0,0,0.0,1.0,0,0.0,1.0,2,42.75,0.0,0,0.0,1.0,2,13.25,0.33124192665530666,0,0.0,0.9801450596280527,3,50.25,0.4952744509201575,0,0.0,1.0,2,34.25,0.007562889751092534,0,0.0,0.6332637410276943,0,137.25,0.6722425845076402,0,29.75,0.9890465158955478,0,25.25,0.9880806768564212,0,0.0,1.0,2,53.75,0.0,2,9.25,0.324547807608676,0,15.25,0.9889243666503198,1,20.75,0.0,0,0.0,1.0,2,55.5,0.0,4,107.75,0.4822825080073204,1,26.0,0.0,5,159.5,0.45453884405648143,276,10362.25
22250.0,356,6277.25,3.133924113829256,10.753143647174484,668764265.0448477,213115944.65434635,0,377.25,0.863929775832476,0,16.25,0.9289945033699908,0,0.0,1.0,0,0.0,1.0,4,119.75,0.37217393776068497,0,0.0,0.9061397770322486,1,126.75,0.7914554508128074,2,26.25,0.0,0,40.5,0.989417321583391,0,129.25,0.8749415461280957,0,0.0,1.0,0,0.0,0.41379360237440244,2,47.75,0.47047879404659865,0,0.0,1.0,3,153.25,0.1596562223329441,6,123.75,0.03542610814809586,0,0.0,1.0,1,16.5,0.0,1,20.75,0.0,0,0.0,1.0,0,0.0,1.0,2,56.0,0.0,0,0.0,0.9555543044969532,4,384.5,0.6294322264164377,0,0.0,1.0,8,233.25,0.15468755631949088,1,96.0,0.390843929158488,1,22.0,0.4967949745778129,1,5.75,0.0,2,58.0,0.0,14,649.75,0.056542110513659365,9,160.25,0.09944694864912056,13,534.5,0.0701799912880184,1,118.0,0.13302169743378361,1,13.0,0.0,5,94.25,0.14665202728726462,6,250.25,0.0,2,28.0,0.007223298895792182,2,273.0,0.0,2,48.0,0.33257380815741494,9,194.75,0.3241970620752098,0,0.0,1.0,0,0.0,0.9906547116684236,5,75.0,0.11134937745576869,10,202.5,0.08935136711522977,6,100.75,0.02110033342182453,8,291.25,0.0,0,0.0,1.0,3,43.75,0.4615587029215047,3,84.25,0.0,0,0.0,1.0,0,0.0,1.0,0,0.0,1.0,0,0.0,1.0,0,5.0,0.9302334088721164,0,0.0,1.0,3,35.0,0.20060064004042194,2,17.25,0.13106026470923376,4,75.0,0.14905045601823086,0,10.25,0.44858193245862127,11,182.0,0.053421415089991,9,112.5,0.1833985616615775,2,14.0,7.434430025044035e-06,1,1.25,0.4634325798150513,1,27.0,0.0,6,253.5,0.006558028437347414,4,124.5,0.13186060578672926,0,0.0,0.9924127353430854,6,284.25,0.5234925472547318,6,121.25,0.1348552560897842,0,17.5,0.6909606699454788,0,34.25,0.4926412433503865,0,0.0,1.0,7,260.25,0.020078366294381315,0,82.25,0.6823822986242225,0,0.0,1.0,0,0.0,1.0,0,0.0,0.9987885724781247,2,5.75,0.002449284085837513,3,96.5,2.901065229103855e-05,0,0.0,0.9800755816401006,3,154.5,0.23940488651748945,5,146.5,5.931946663550995e-06,0,15.25,0.9830858364949454,0,0.0,1.0,0,1.0,0.7602315101974665,1,44.75,0.4200435448626891,1,61.25,0.7060926569673596,6,293.75,0.0,11,646.5,0.3135292201154915,1,87.5,0.7435592566824794,6,184.75,0.24264292207513646,0,15.0,0.9986916953897025,0,0.0,1.0,3,109.0,0.0,0,0.0,1.0,7,77.0,0.0009639369839838946,0,0.0,1.0,2,72.0,0.48919928265521617,4,115.75,0.1397458687201532,2,68.75,0.255228158783456,0,0.0,0.9953735754998325,2,25.25,1.2427011526466149e-05,0,2.25,0.9801194836459912,2,10.5,0.3218579662646759,0,0.0,1.0,1,25.75,0.791336357554816,1,10.25,0.35317572665427893,0,13.0,0.9487548356092417,2,22.25,0.0,9,153.75,0.0030775237964013992,0,0.0,0.7827167752349972,0,5.75,0.898923827815973,0,0.0,1.0,0,0.0,1.0,0,0.0,1.0,0,0.0,0.9809171924731942,0,0.0,1.0,0,0.0,1.0,1,34.75,0.4907730091889864,6,165.25,0.0,10,259.25,0.4575737147526766,5,114.25,0.11323812460451668,0,22.0,0.9594379483759692,296,9931.5
22275.0,347,6766.5,3.28630403108305,9.980748999113633,642779756.2635771,204777930.99886638,0,46.0,0.9651023770578901,0,0.0,1.0,0,0.0,1.0,0,0.0,1.0,1,4.5,0.0,0,0.0,1.0,1,42.25,0.7054936544380455,1,27.5,0.023810540327985796,3,90.75,0.0,1,3.25,0.0,0,40.5,0.9859662394729822,0,0.0,0.4515492101039964,1,254.5,0.19016566768687185,0,0.0,1.0,4,78.75,0.0,10,266.25,0.009005852359277733,0,0.0,1.0,5,137.5,0.02503117898307268,3,181.5,0.2858413891839724,3,52.25,0.28484258774815546,0,0.0,1.0,3,53.5,0.1432565690495157,0,15.0,0.675725326598514,6,529.75,0.3216703301354805,0,0.0,1.0,9,348.5,0.346767914048888,0,0.0,1.0,2,27.75,1.053837918726641e-06,0,0.0,0.2795181115023857,0,0.0,1.0,7,256.75,0.2423142722706826,1,62.5,0.527116168367189,16,845.75,0.14300126345533873,3,97.75,0.0,0,0.0,1.0,2,25.5,0.0,3,55.5,0.029693067491564668,1,168.5,0.397058744653467,2,323.0,0.0,5,177.5,0.0,3,240.0,0.17941368539082062,2,37.25,0.0,5,102.25,0.06870042754602636,0,2.5,0.9524799060117872,1,203.75,0.13856083324915405,3,32.0,0.0001318567049217517,2,69.5,0.22456756640866524,0,0.0,1.0,0,0.0,0.9666203635487073,7,214.0,0.13624553514845827,3,23.75,0.0006109032144133611,4,53.25,0.0,0,0.0,1.0,0,0.0,1.0,0,0.0,1.0,0,0.0,1.0,1,36.0,0.7776250700295044,1,32.75,0.0,1,124.5,0.2003103105294283,2,68.25,0.28499343887746154,16,516.5,0.1115555672918466,17,482.0,0.1672146165469428,3,132.25,0.39541061908848074,2,50.25,0.0,6,239.75,0.0594197430343884,2,283.0,0.1939598505020498,1,22.75,0.0,2,20.0,1.4227471414472505e-06,3,48.25,0.38944330841848823,4,128.5,0.296759952220611,0,23.0,0.9983238260834293,0,0.0,1.0,0,0.0,0.9956538911705611,8,116.5,0.10944163898856685,2,24.0,0.09313692795721334,4,60.25,0.16839588751087356,0,0.0,1.0,0,20.0,0.9821016641167802,3,67.75,0.2246125403064515,1,58.0,0.3670815515412227,2,14.75,0.0858810583786662,4,120.75,0.09820548812808115,0,7.0,0.6328197301657991,0,0.0,0.9961778900246018,4,63.0,0.0,7,195.5,3.4794220270540306e-06,3,50.5,0.0,3,35.25,0.24642526829814282,3,194.5,0.17025373141913747,1,111.0,0.5694221323397302,4,144.75,0.2001575710588614,10,285.25,0.04443262407692247,6,81.75,0.2724466939733164,1,15.75,4.847580538107244e-06,8,273.0,0.12239409612396554,0,13.0,0.984851939246577,2,53.5,0.0,0,0.0,1.0,3,80.0,0.07161154855662458,0,0.0,1.0,0,0.0,1.0,0,0.0,0.4630240919120705,2,75.25,0.0,1,22.25,0.0,4,102.25,0.0,0,0.0,1.0,4,98.25,0.4507791686769533,1,23.75,0.03212936886471924,0,0.0,1.0,2,87.25,0.4503048030232112,0,146.25,0.2596605121846577,0,25.0,0.9897609413280172,2,377.0,0.16152182438167234,0,14.75,0.9892926010180326,0,49.5,0.9157214890543817,0,0.0,1.0,0,110.75,0.9346637039566607,0,0.0,1.0,0,0.0,0.9901920639335823,1,21.0,0.6392795630909787,9,276.0,9.724827209870092e-07,6,236.5,0.3087261799872437,2,171.25,0.25705907733232863,1,24.75,0.1346880849202809,298,11346.25
22300.0,463,9545.0,4.532288698955366,9.873310244612117,693141891.8241291,220875707.07730654,0,59.25,0.8518928267325521,5,89.25,0.0019013739034470587,0,0.0,1.0,0,0.0,0.9993114035846348,1,29.5,0.48871314713705,0,0.0,1.0,1,52.25,0.5804979387542919,2,36.5,0.0031211023234472076,0,22.25,0.9861806374190956,5,78.75,0.11461748435778563,0,77.25,0.9137765412954953,0,20.0,0.672344017911647,3,116.75,0.5480869466913851,0,0.0,1.0,6,201.0,0.14160965168330325,8,117.5,7.789994520664712e-05,0,0.0,1.0,0,68.75,0.05844094491875179,17,526.5,0.03951463859054383,7,190.0,0.12379378785573182,0,0.0,1.0,0,82.0,0.6384936446792112,14,274.25,0.1104367040061,3,307.5,0.6258704647579858,0,0.0,1.0,19,669.75,2.163685621314608e-06,0,0.0,1.0,8,175.5,0.001958988036770881,2,42.25,0.0,1,0.75,4.963564973416581e-06,23,498.25,0.09999029318633523,1,31.25,0.4953585803038914,18,881.75,0.08012764885227851,0,47.5,0.05306926271027769,1,26.25,0.0,2,134.0,0.717290220768503,7,236.0,1.3801930779983915e-06,1,30.0,0.7310594000405753,2,443.0,0.49765489497160065,0,0.0,1.0,14,374.25,0.10370299842666916,3,109.75,0.0,1,3.25,0.0,6,73.75,0.223892933715322,3,64.0,0.21067295619472348,4,110.25,0.05873056450528067,7,106.75,0.00019879858003102677,0,37.75,0.9160320858962298,1,20.75,0.35592228202493004,1,42.25,0.22840225282904716,5,153.5,0.0,5,193.5,0.0,0,0.0,1.0,0,0.0,0.9883830168288659,0,0.0,0.9784258858373432,0,0.0,1.0,2,55.0,0.6318738617840015,4,67.5,0.193011709671807,6,107.25,0.0061938671140421364,3,86.0,0.34398186983035345,0,2.25,0.606916325360247,7,208.5,0.0,6,383.25,0.10976967776340783,7,109.5,3.2616052732637485e-06,11,454.25,0.0,2,30.75,0.03080373061280678,0,0.0,1.0,2,70.0,0.49298552234134807,3,132.0,0.5177653385536141,7,182.5,0.14721967609457481,0,0.0,1.0,0,0.0,1.0,0,33.25,0.9900729198450042,3,38.5,0.24480925755435923,9,348.5,0.006499655610088566,9,241.25,0.061701338499454764,0,0.0,1.0,0,0.0,1.0,3,87.75,0.2636395216691751,1,30.75,0.0,3,67.0,0.42463611058510137,2,70.75,0.10048392975837057,0,0.0,0.9854435824192884,0,0.0,1.0,5,177.25,0.0,1,206.5,0.3686593774860106,0,23.0,0.9989848574333247,5,169.75,0.10589261070704156,6,277.75,0.22002728584861206,0,7.5,0.5664288982721014,1,11.75,0.2702045845569741,10,511.75,0.0341307838213087,0,8.0,0.9861867882912693,0,0.0,1.0,9,359.5,0.061776988905894364,1,9.0,0.49277519726602936,4,44.0,0.022819112972224102,0,0.0,1.0,0,0.0,0.9746172388773742,1,24.75,0.0,6,87.0,1.0214815706115588e-05,0,0.0,0.1283680297656097,0,0.0,1.0,1,47.25,0.0,0,0.0,1.0,0,66.25,0.9835786346737515,8,235.25,0.1414678936034306,1,44.25,0.33513476606892434,0,0.0,1.0,3,154.25,0.0,2,33.25,0.3253727268769216,0,0.0,1.0,0,26.0,0.9879449128398397,0,0.0,0.9901872181136656,0,47.75,0.9905164238087002,2,40.25,0.0,0,0.0,1.0,0,0.0,1.0,1,22.0,0.0,2,153.75,0.07196383835707232,7,337.25,0.0,9,426.0,0.23518361226041873,3,138.5,0.0,2,74.0,0.04685805002764537,387,13425.25
22325.0,365,8049.5,3.716297322253001,10.258717035765539,729995543.8115091,232614795.39722127,0,247.25,0.9396767044272534,0,37.5,0.9336314089502508,0,0.0,0.9918501731254654,0,0.0,1.0,3,83.0,0.0,0,15.5,0.9278236206990843,0,118.5,0.6389034631369647,0,0.0,1.0,0,0.0,1.0,0,0.0,1.0,2,93.75,0.2570635129406709,0,0.0,1.0,3,173.25,0.2364263166967753,0,0.0,1.0,11,148.75,0.00528208567699895,7,265.25,7.007115103941938e-06,0,0.0,1.0,0,0.0,1.0,4,547.25,0.12015379111247056,0,177.25,0.46361896537672254,0,41.5,0.47974611733164824,0,0.0,1.0,0,244.5,0.4372278977556537,3,308.0,0.620794719565472,0,0.0,1.0,7,304.75,0.28503305646180105,1,10.75,0.0,0,213.5,0.33161212452470634,0,0.0,0.8957227928118032,0,0.0,0.770990475097501,18,721.25,0.12341090583491802,2,61.75,0.5296827626038884,12,595.0,0.1750692708093652,1,12.0,0.0,0,0.0,1.0,10,267.5,0.09034234758160949,5,127.5,0.09613516156234507,1,60.0,0.1723334397445464,2,438.0,0.46010961263329,0,64.75,0.6082150568899817,13,618.25,0.17126182815261376,0,0.0,1.0,1,28.25,0.11452463300308276,0,59.0,0.5047637546889931,7,179.0,0.19724813725946924,2,20.0,3.687540616235735e-05,7,255.5,0.0,0,0.0,1.0,4,57.75,0.05298273358809403,1,53.25,0.659551438805272,0,0.0,1.0,1,34.25,0.0,0,0.0,0.36748954062554134,1,22.5,0.49232412647378304,0,0.0,0.9889322451813435,1,159.5,0.5269639891521285,3,138.5,0.39149485460066336,11,273.5,0.0004476113746274216,9,299.5,0.0,3,35.75,0.36412411170582437,0,10.25,0.7666822569735113,4,171.75,0.34590189162963975,0,167.0,0.5518335285772661,0,0.0,0.9883706409608166,3,42.0,0.0,4,134.75,0.039761211457384996,0,40.0,0.8621127264616769,0,10.25,0.6976884249187966,1,90.25,0.3588624171091757,6,214.25,0.19636719470466826,2,18.75,0.3283038413459843,0,14.0,0.9793406559722617,0,0.0,0.6615925323852904,3,101.25,0.0,0,0.0,1.0,13,519.5,0.007074627899974601,0,0.0,1.0,0,2.0,0.9829128697401689,4,93.25,5.656761321589958e-05,1,5.0,0.0,1,37.0,0.49703983451100037,6,143.5,0.07647060503263403,0,0.0,1.0,1,50.75,0.4424439566478653,0,93.5,0.3446764814444297,6,165.0,0.08240925232050397,1,22.5,0.0,0,0.0,1.0,7,437.75,0.0,3,179.5,0.5317259754606449,1,27.25,0.0,11,284.25,0.10907086332939883,0,14.0,0.9936721120529279,0,0.0,1.0,6,260.25,0.0004505319102719777,0,69.5,0.553654780697978,11,251.25,0.020964958239019022,1,5.5,0.4998215939465362,11,136.75,0.1938571471756345,1,13.75,0.3824866332247015,3,126.75,0.19469472041646885,1,24.5,0.3496813870938503,0,0.0,1.0,0,0.0,1.0,0,0.0,1.0,0,22.25,0.7990775825500372,1,42.75,0.49601358994024947,0,156.25,0.21230021006939565,0,0.0,0.9989175280163282,1,34.25,0.1614130793432974,8,137.0,0.0006596253278379482,0,0.0,0.9762553591278673,0,19.25,0.989919776490516,0,0.0,1.0,0,0.0,1.0,0,14.0,0.9882439221435818,0,19.0,0.9886840544613213,0,3.0,0.9810817331129503,0,0.0,1.0,0,0.0,1.0,1,27.75,0.0,7,535.25,0.34620017423220567,5,147.5,0.1660677160721046,0,14.5,0.29052540056670617,291,12762.75
