step,FTSC,SDQN Compressed Obs,SDQN Uncompressed Obs,CDQN Compressed Obs,CDQN Uncompressed Obs,,,89.58333333,516,87.5,504,89.93055556,518,91.66666667,528
21625,1083066.348,995764.754,1087126.094,1003485.63,1027524.746,,,,FALSE,,TRUE,,FALSE,,FALSE
21650,3154082.252,3317571.915,3253140.044,3030585.963,2709428.785,,,,TRUE,,TRUE,,FALSE,,FALSE
21675,4458740.181,5192729.14,5319889.243,4913098.918,5417290.126,,,,TRUE,,TRUE,,TRUE,,TRUE
21700,5852385.955,6078656.273,6270911.365,6302876.592,6089380.378,,,,TRUE,,TRUE,,TRUE,,TRUE
21725,7768812.849,7773307.088,7708588.896,7901631.455,7456869.839,,,,TRUE,,FALSE,,TRUE,,FALSE
21750,9096976.264,9208266.46,9113805.4,8755743.857,8559879.019,,,,TRUE,,TRUE,,FALSE,,FALSE
21775,10842573.9,10931312.37,11272413.57,10673753.27,11343255.54,,,,TRUE,,TRUE,,FALSE,,TRUE
21800,12197928.47,11663994.35,11998660.26,11814965.79,11540632.34,,,,FALSE,,FALSE,,FALSE,,FALSE
21825,12872678.85,12000680.74,12770353.83,12482793.63,12706214.88,,,,FALSE,,FALSE,,FALSE,,FALSE
21850,12866460.82,12666089.78,13480903.46,12810479.06,12977835.48,,,,FALSE,,TRUE,,FALSE,,TRUE
21875,14602644.79,15499395.95,14654809.69,14209919.82,15590051.52,,,,TRUE,,TRUE,,FALSE,,TRUE
21900,16701722.71,15952100.34,15402753.34,15843749.35,15325238.14,,,,FALSE,,FALSE,,FALSE,,FALSE
21925,16974954.08,16522439.98,16102239.52,16851627.62,16523463.41,,,,FALSE,,FALSE,,FALSE,,FALSE
21950,17954147.37,17768374.99,17334536.75,17191581.31,17916782.14,,,,FALSE,,FALSE,,FALSE,,FALSE
21975,19249129.66,17754837.69,18850969.06,19047127.21,19085882.33,,,,FALSE,,FALSE,,FALSE,,FALSE
22000,20291212.38,20289135.58,20635195.5,20869275.98,20328534.6,,,,FALSE,,TRUE,,TRUE,,TRUE
22025,21228833.57,20917481.38,21623796.08,21117776.92,21033140,,,,FALSE,,TRUE,,FALSE,,FALSE
22050,24271989.23,23585741.25,23592786.54,23283978.53,23610234.79,,,,FALSE,,FALSE,,FALSE,,FALSE
22075,23249246.08,24638739.27,23688761.25,23512323.34,23606204.96,,,,TRUE,,TRUE,,TRUE,,TRUE
22100,23980588.68,25656439.9,23928568.3,24633184.6,24606392.73,,,,TRUE,,FALSE,,TRUE,,TRUE
22125,28142026.22,27096752.94,26451885.79,26283824.28,26965876.89,,,,FALSE,,FALSE,,FALSE,,FALSE
22150,28566621.6,27978240.46,28241339.86,26731788.82,27503116.71,,,,FALSE,,FALSE,,FALSE,,FALSE
22175,30136083.4,29268462.11,29660904.69,30139605.96,29047137.95,,,,FALSE,,FALSE,,TRUE,,FALSE
22200,30091811.13,29616853.58,30169756.09,29567062.27,29863362.18,,,,FALSE,,TRUE,,FALSE,,FALSE
22225,32398261.49,30699148.68,30705821.27,31191852.3,31486233.5,,,,FALSE,,FALSE,,FALSE,,FALSE
22250,33551706.93,32112654.11,32309850.21,32973524.33,32203932.74,,,,FALSE,,FALSE,,FALSE,,FALSE
22275,33528948.37,34103383.27,33558646.47,33030658.24,33722368.7,,,,TRUE,,TRUE,,FALSE,,TRUE
22300,34911053.81,34636244.57,34849247.5,35514662.26,35336307.4,,,,FALSE,,FALSE,,TRUE,,TRUE
22325,37271732.23,36218688.68,35084211.47,36708364.75,36511839.61,,,,FALSE,,FALSE,,FALSE,,FALSE
22350,36519683.82,35795637.41,36746796.32,36747098.95,37008809.77,,,,FALSE,,TRUE,,TRUE,,TRUE
22375,38216151.32,35743304.03,37020660.06,37720228.4,37133622.7,,,,FALSE,,FALSE,,FALSE,,FALSE
22400,38205365.05,37807107.98,39272783.26,38130891.36,38498371.7,,,,FALSE,,TRUE,,FALSE,,TRUE
22425,38014089.87,39238684.29,39212974.94,39512030.39,39619416.41,,,,TRUE,,TRUE,,TRUE,,TRUE
22450,38393581.16,40249421.9,41163425.35,37198409.75,39210338.01,,,,TRUE,,TRUE,,FALSE,,TRUE
22475,39844942.94,40278378.79,41912821.15,40255492.74,40894374.3,,,,TRUE,,TRUE,,TRUE,,TRUE
22500,39222741.65,40155767.95,41957457.13,40585852.32,41881204.4,,,,TRUE,,TRUE,,TRUE,,TRUE
22525,41030289.43,40684931.26,42336380.28,41868690.59,43333047.15,,,,FALSE,,TRUE,,TRUE,,TRUE
22550,39959720.83,43890623.67,41926454.7,43124226.08,41351042.73,,,,TRUE,,TRUE,,TRUE,,TRUE
22575,41055099.59,41029885.92,41954569.63,43450457.7,42238576.42,,,,FALSE,,TRUE,,TRUE,,TRUE
22600,42702585.52,42399188.99,42138250.25,42618071.46,41534896.6,,,,FALSE,,FALSE,,FALSE,,FALSE
22625,42920390.13,41465913.08,42393934.41,42549907.62,43935665.48,,,,FALSE,,FALSE,,FALSE,,TRUE
22650,43916024.52,44100367.46,43296442.71,44823685.57,43606670.62,,,,TRUE,,FALSE,,TRUE,,FALSE
22675,42302636.35,43514193.75,43217575.79,43450558.29,44165763.37,,,,TRUE,,TRUE,,TRUE,,TRUE
22700,41709734.55,44435934.63,44526344.22,42285366.07,44536918.26,,,,TRUE,,TRUE,,TRUE,,TRUE
22725,43742305.87,43795516.44,43734284.82,43858380.1,44982294.49,,,,TRUE,,FALSE,,TRUE,,TRUE
22750,42594435.78,45817023.35,43177223.59,46437876.28,43994334.9,,,,TRUE,,TRUE,,TRUE,,TRUE
22775,46556959.62,45885225.85,45150775.51,47630130.14,46163690.23,,,,FALSE,,FALSE,,TRUE,,FALSE
22800,44117212.16,45400291.68,46601450.24,46560524.75,46811405.4,,,,TRUE,,TRUE,,TRUE,,TRUE
22825,44494281.4,46788287.84,44618224.8,45934850,45160666.31,,,,TRUE,,TRUE,,TRUE,,TRUE
22850,43634014.86,45726642.85,46873233.98,44993062.6,45906402.57,,,,TRUE,,TRUE,,TRUE,,TRUE
22875,45757463.46,48347744.58,46542346.25,47749729.65,46566462.87,,,,TRUE,,TRUE,,TRUE,,TRUE
22900,46008472.06,48380150.2,47705529.15,45513452.2,47019508.07,,,,TRUE,,TRUE,,FALSE,,TRUE
22925,48393927.49,47662803.61,47276348.44,46600933.57,47528795.64,,,,FALSE,,FALSE,,FALSE,,FALSE
22950,45871525.07,46766439.23,46938044.35,46775680.6,48010900.66,,,,TRUE,,TRUE,,TRUE,,TRUE
22975,45561418.58,46692619.03,47117793.76,46086733,46031962.06,,,,TRUE,,TRUE,,TRUE,,TRUE
23000,46060872.17,46980369.22,47185730.29,44999971.57,45634040.06,,,,TRUE,,TRUE,,FALSE,,FALSE
23025,44344434.45,45125226,45713899.15,47706682.17,48460742.25,,,,TRUE,,TRUE,,TRUE,,TRUE
23050,44858861.72,47145604.07,44898194.34,46685312.16,46783856.35,,,,TRUE,,TRUE,,TRUE,,TRUE
23075,46614235.19,45663372.48,45477190.78,45655920.41,46144438.22,,,,FALSE,,FALSE,,FALSE,,FALSE
23100,46748255.74,45904108.16,47149362.47,45967817.89,47826650.36,,,,FALSE,,TRUE,,FALSE,,TRUE
23125,44866382.24,46699407.73,47296884.39,44367687.29,46342854.79,,,,TRUE,,TRUE,,FALSE,,TRUE
23150,44936931.71,47499937.01,47612121.2,46360159.1,47068244.27,,,,TRUE,,TRUE,,TRUE,,TRUE
23175,45285239.12,46617020.6,47928918.08,46086413.65,46992011.39,,,,TRUE,,TRUE,,TRUE,,TRUE
23200,46303804.71,46484798.33,48248155.1,48652019.8,47370484.01,,,,TRUE,,TRUE,,TRUE,,TRUE
23225,45882277.75,46171502.94,46720852.25,47392093.36,47002240.94,,,,TRUE,,TRUE,,TRUE,,TRUE
23250,45912304.78,48032265.67,48294810.28,48741420.88,47052549.79,,,,TRUE,,TRUE,,TRUE,,TRUE
23275,45848680.85,48035084.36,47783804.84,48734644.03,48387326.03,,,,TRUE,,TRUE,,TRUE,,TRUE
23300,44494485.58,47218590.65,46688100.01,47313272.7,48446743.08,,,,TRUE,,TRUE,,TRUE,,TRUE
23325,46107289.53,48512248.77,47939785.62,48402789.27,48032564.18,,,,TRUE,,TRUE,,TRUE,,TRUE
23350,48546620.96,47797026.26,46188615.23,50037801.69,48960674.75,,,,FALSE,,FALSE,,TRUE,,TRUE
23375,46165862,47425994.32,46801787.4,47782338.39,48345703.64,,,,TRUE,,TRUE,,TRUE,,TRUE
23400,43533327.21,47427915.27,47957883.07,45161695.38,49278313.33,,,,TRUE,,TRUE,,TRUE,,TRUE
23425,44180696.47,46600200.91,45534111.25,45736475.18,45759486.61,,,,TRUE,,TRUE,,TRUE,,TRUE
23450,41953779.93,45562473.94,45803833.93,46494916.81,45940907.16,,,,TRUE,,TRUE,,TRUE,,TRUE
23475,45000180.21,45063677.38,45911520.88,45719504.33,45642498.32,,,,TRUE,,TRUE,,TRUE,,TRUE
23500,45937186.64,46459543.23,46166292.22,48100041.39,46472322,,,,TRUE,,TRUE,,TRUE,,TRUE
23525,44923756.87,47128555.57,49010449.28,49332440.12,46134168.52,,,,TRUE,,TRUE,,TRUE,,TRUE
23550,45014234.07,47853399.38,48300587.27,47455308.32,46382712.22,,,,TRUE,,TRUE,,TRUE,,TRUE
23575,44849253.88,45026914.51,46479797.92,47312127.78,46024490.06,,,,TRUE,,TRUE,,TRUE,,TRUE
23600,45121293.27,45004724.73,46001011.12,46797000.83,47840603.94,,,,FALSE,,TRUE,,TRUE,,TRUE
23625,44333813.03,45521554.49,45701602.49,46767062.78,46286576.42,,,,TRUE,,TRUE,,TRUE,,TRUE
23650,44215648.8,46848669.26,45946154.94,45507306.03,46051292.94,,,,TRUE,,TRUE,,TRUE,,TRUE
23675,45495145.34,47431187.32,47521281.6,47622311.05,45706472.83,,,,TRUE,,TRUE,,TRUE,,TRUE
23700,43362484.66,46638524.13,46529631.19,44861549.03,47451396.3,,,,TRUE,,TRUE,,TRUE,,TRUE
23725,43009560.78,46461350.81,46489260.08,46705789.99,45711578.43,,,,TRUE,,TRUE,,TRUE,,TRUE
23750,44602459.85,45970853.51,47345169.76,46622983.96,45746341.95,,,,TRUE,,TRUE,,TRUE,,TRUE
23775,45208354.45,45373856.47,46326520.68,45967159.07,46177762.99,,,,TRUE,,TRUE,,TRUE,,TRUE
23800,45222940.53,46885011.27,45850635.86,46310157.52,45063156.77,,,,TRUE,,TRUE,,TRUE,,FALSE
23825,44195719.59,45953088.63,44767427.48,47151548.68,44438886.5,,,,TRUE,,TRUE,,TRUE,,TRUE
23850,44271054.46,45338960.3,46335771.3,44721697.16,46660680.84,,,,TRUE,,TRUE,,TRUE,,TRUE
23875,45572673.06,45087339.56,45380050.05,45677261.29,46054788.21,,,,FALSE,,FALSE,,TRUE,,TRUE
23900,44843120.18,44348906.68,44842667.93,45794074.48,46892972.05,,,,FALSE,,FALSE,,TRUE,,TRUE
23925,43396227.95,44750794.83,43890281.5,46603264.73,47669038.88,,,,TRUE,,TRUE,,TRUE,,TRUE
23950,44515334.36,45228122.78,45334162.4,46763216.97,48531290.64,,,,TRUE,,TRUE,,TRUE,,TRUE
23975,43893923.03,47826805.36,44997727.95,47641489.33,45261351.67,,,,TRUE,,TRUE,,TRUE,,TRUE
24000,43416885.34,47860840.04,45675896.8,46716279.51,46240305.82,,,,TRUE,,TRUE,,TRUE,,TRUE
24025,45105547.98,46751783.64,44029855.63,46576014.94,46905850.63,,,,TRUE,,FALSE,,TRUE,,TRUE
24050,43356789.04,46162528.87,44682925.78,45785123.01,47884623.25,,,,TRUE,,TRUE,,TRUE,,TRUE
24075,43420698.68,46421412.86,45905880.05,47649482.19,46242482.86,,,,TRUE,,TRUE,,TRUE,,TRUE
24100,42388846.39,45709866.28,43829441.7,44349366.65,45502358.27,,,,TRUE,,TRUE,,TRUE,,TRUE
24125,45925608.96,45823361.14,45683951.84,46298664.63,47196272.26,,,,FALSE,,FALSE,,TRUE,,TRUE
24150,45413668.38,47200105.48,46618753.4,46844718.02,45691539.38,,,,TRUE,,TRUE,,TRUE,,TRUE
24175,44535875.82,47898180.57,45093633.47,47027838.53,45548731.77,,,,TRUE,,TRUE,,TRUE,,TRUE
24200,45400580.91,46587685.49,45636048.85,45211825.76,46793084.65,,,,TRUE,,TRUE,,FALSE,,TRUE
24225,45886345.2,47061969.8,47473583.79,47106407.83,46359284.73,,,,TRUE,,TRUE,,TRUE,,TRUE
24250,43223504.73,47159072.92,46326088.61,46109269.56,45144317.64,,,,TRUE,,TRUE,,TRUE,,TRUE
24275,44441156.33,45877790.99,45679700.26,46789545.88,46744264.23,,,,TRUE,,TRUE,,TRUE,,TRUE
24300,44942083.6,47773370.14,46285786.42,48690334.89,46783190.71,,,,TRUE,,TRUE,,TRUE,,TRUE
24325,44518403.75,44857618,46376027.77,47708458.69,47715639.35,,,,TRUE,,TRUE,,TRUE,,TRUE
24350,45076815.13,45432871.54,44881061.44,47662344.82,48490009.44,,,,TRUE,,FALSE,,TRUE,,TRUE
24375,44419079.63,47465001.17,44321029.38,46561731.79,45687186.76,,,,TRUE,,FALSE,,TRUE,,TRUE
24400,44298564.65,47377055.61,45943538.18,47858854.98,46891449.54,,,,TRUE,,TRUE,,TRUE,,TRUE
24425,43459566.41,45491446.77,45336628.72,47385670.42,45779857.22,,,,TRUE,,TRUE,,TRUE,,TRUE
24450,44364458.07,44345651.12,45921346.58,47010608.31,45681687.09,,,,FALSE,,TRUE,,TRUE,,TRUE
24475,45263477.88,45121620.85,45783013.16,45955460.9,45919067.05,,,,FALSE,,TRUE,,TRUE,,TRUE
24500,44688107.65,47328811.82,46501300.8,47267416.96,44781430.83,,,,TRUE,,TRUE,,TRUE,,TRUE
24525,43937772.36,47050393.12,46856285.96,46398365.21,46361704.07,,,,TRUE,,TRUE,,TRUE,,TRUE
24550,44318344.36,46428303.99,47121927.98,46314281.3,46527359.73,,,,TRUE,,TRUE,,TRUE,,TRUE
24575,45158935.05,46580397.2,47220465.5,47434229.55,44765582.38,,,,TRUE,,TRUE,,TRUE,,FALSE
24600,43080968.78,46715174.41,48127129.41,47307946.98,45842739.09,,,,TRUE,,TRUE,,TRUE,,TRUE
24625,45317091.7,46369549.72,48292560.97,46332494.18,45590420.63,,,,TRUE,,TRUE,,TRUE,,TRUE
24650,45132333.04,47366437.98,47336502.42,46130507.14,47101699.12,,,,TRUE,,TRUE,,TRUE,,TRUE
24675,45112898.73,48584468.19,45779190.68,46423047.43,46546365.17,,,,TRUE,,TRUE,,TRUE,,TRUE
24700,44267913.83,45331451.31,46153286.73,48551816.5,45203459.07,,,,TRUE,,TRUE,,TRUE,,TRUE
24725,42890287.9,46995334.67,47140799.67,46715410.11,45169600.53,,,,TRUE,,TRUE,,TRUE,,TRUE
24750,43831701.65,44089020.12,45585591.44,48046873.12,45042522.21,,,,TRUE,,TRUE,,TRUE,,TRUE
24775,43911934.88,46439794.83,45419175.52,46258429.53,46096202.08,,,,TRUE,,TRUE,,TRUE,,TRUE
24800,44431939.9,47890260.04,45508555.44,45511113.82,46693224.9,,,,TRUE,,TRUE,,TRUE,,TRUE
24825,45352914.48,46732105.36,47395419.45,46258784.96,46919297.38,,,,TRUE,,TRUE,,TRUE,,TRUE
24850,45307893.46,47849933.34,46173311.96,47079736.89,46983422.55,,,,TRUE,,TRUE,,TRUE,,TRUE
24875,43821750.1,45257671.72,45852969.09,46117606.6,46102764.97,,,,TRUE,,TRUE,,TRUE,,TRUE
24900,45269135.03,45692759.12,46842595.94,47458038.39,46736379.55,,,,TRUE,,TRUE,,TRUE,,TRUE
24925,46266420.95,48085997,47290454.55,46504157.32,46681430.22,,,,TRUE,,TRUE,,TRUE,,TRUE
24950,46470286,47783185.22,46645210.19,47707913.04,47145753.42,,,,TRUE,,TRUE,,TRUE,,TRUE
24975,44344292.64,47320021.5,45685914.88,47612916.31,46409624.39,,,,TRUE,,TRUE,,TRUE,,TRUE
25000,44523671.3,47283178.71,46181198.26,47249371.19,45279434.29,,,,TRUE,,TRUE,,TRUE,,TRUE
25025,46285544.57,45925317.63,46746726.72,45250329.39,46551083.72,,,,FALSE,,TRUE,,FALSE,,TRUE
25050,45712817.87,47398181.63,46639813,46257326.94,49065374.04,,,,TRUE,,TRUE,,TRUE,,TRUE
25075,44811349.73,46948539.8,47424204.31,48117963.12,46251961.22,,,,TRUE,,TRUE,,TRUE,,TRUE
25100,46973649.05,46956226.56,46208170.7,46612642,47896872.82,,,,FALSE,,FALSE,,FALSE,,TRUE
25125,46128692.82,49820468.5,47355882.88,46754459.73,47843025.71,,,,TRUE,,TRUE,,TRUE,,TRUE
25150,46808947.44,49358790.92,49561957.06,48504756.19,48352859.32,,,,TRUE,,TRUE,,TRUE,,TRUE
25175,45531346.41,46587816.82,48861730.16,48692025.1,46375985.17,,,,TRUE,,TRUE,,TRUE,,TRUE
25200,46136851.75,47356054.45,46825053.82,48225228.2,48052784.06,,,,TRUE,,TRUE,,TRUE,,TRUE
25225,46461063.17,47075775.41,47060426.62,49443528.62,48249297.78,,,,TRUE,,TRUE,,TRUE,,TRUE
25250,46147009.83,47405529.42,48485896.12,50588349.59,48351751.01,,,,TRUE,,TRUE,,TRUE,,TRUE
25275,48573151.92,49939931.16,49355739.46,50440462.11,48690804.69,,,,TRUE,,TRUE,,TRUE,,TRUE
25300,47377450.01,49585230.83,51593810.45,50156970.93,50756881.61,,,,TRUE,,TRUE,,TRUE,,TRUE
25325,48473839.92,51493541.73,51092182.15,49848360.35,50135034.48,,,,TRUE,,TRUE,,TRUE,,TRUE
25350,50061505.83,51943658.56,50419167.39,49848021.29,52177965.56,,,,TRUE,,TRUE,,FALSE,,TRUE
25375,48529788,51902506.05,50630685.82,52005142.03,52542648.66,,,,TRUE,,TRUE,,TRUE,,TRUE
25400,48661239.41,52275747.14,51574177.99,50784657.94,51708219.7,,,,TRUE,,TRUE,,TRUE,,TRUE
25425,50278048.46,51969756.51,52526318.01,52244061.68,53019770.45,,,,TRUE,,TRUE,,TRUE,,TRUE
25450,51992716.48,53599587.7,55791974.67,52846923.03,54047380.76,,,,TRUE,,TRUE,,TRUE,,TRUE
25475,54069503.85,51802871.72,54067439.23,54377561.81,53127705.14,,,,FALSE,,FALSE,,TRUE,,FALSE
25500,54856790.42,55344259.69,54632850.45,54336544.81,53865386.45,,,,TRUE,,FALSE,,FALSE,,FALSE
25525,54374038.21,55735838.87,55941200.41,56136273.6,56047012.46,,,,TRUE,,TRUE,,TRUE,,TRUE
25550,55375131.26,55262738.28,54067745.28,53218948.2,57736280.66,,,,FALSE,,FALSE,,FALSE,,TRUE
25575,54189622.67,55989876.49,55892278.3,54676970.91,54791813.17,,,,TRUE,,TRUE,,TRUE,,TRUE
25600,55496759.17,55974363.58,55590631.32,56487223.19,55914169.25,,,,TRUE,,TRUE,,TRUE,,TRUE
25625,53605356.71,58248211.94,56217924.6,56624179.32,57074282.55,,,,TRUE,,TRUE,,TRUE,,TRUE
25650,55237587.07,60475301.34,58045188.24,57354295.53,55621872.25,,,,TRUE,,TRUE,,TRUE,,TRUE
25675,55426808.04,57322450.08,56089725.88,56943621.24,54996583.27,,,,TRUE,,TRUE,,TRUE,,FALSE
25700,54157901.64,56501958.45,56645358.71,58735492.13,57112025.1,,,,TRUE,,TRUE,,TRUE,,TRUE
25725,54850629.44,57604418.28,57361600.7,56413136.98,57039792.11,,,,TRUE,,TRUE,,TRUE,,TRUE
25750,55887773.18,58129458.49,59263415.85,57264052.56,57205763.74,,,,TRUE,,TRUE,,TRUE,,TRUE
25775,56728318.79,58816413.08,56069722.97,56940145.22,58656534.02,,,,TRUE,,FALSE,,TRUE,,TRUE
25800,57547754.09,60609881.13,57488098.17,56070347.78,58448790.41,,,,TRUE,,FALSE,,FALSE,,TRUE
25825,56704666.18,61421950.91,58899470.42,57990784.82,58791122.46,,,,TRUE,,TRUE,,TRUE,,TRUE
25850,59840207.74,59977976.69,59437114.16,60056578.38,59514749.69,,,,TRUE,,FALSE,,TRUE,,FALSE
25875,57662684.93,61726306.6,60497083.07,59739756.75,61201193.22,,,,TRUE,,TRUE,,TRUE,,TRUE
25900,60890422.35,62090777.94,63639081.65,61383511.3,62018779.11,,,,TRUE,,TRUE,,TRUE,,TRUE
25925,59523152.31,62016660.3,61333211.7,60988204.05,60579215.74,,,,TRUE,,TRUE,,TRUE,,TRUE
25950,58138126.27,61344415.82,62712141.41,60846328.75,59462462.74,,,,TRUE,,TRUE,,TRUE,,TRUE
25975,58577196.7,61379723.28,61125160.91,61512911.92,60444243.8,,,,TRUE,,TRUE,,TRUE,,TRUE
26000,57575231.9,59162071.96,61006699.03,61346863.4,60955407.25,,,,TRUE,,TRUE,,TRUE,,TRUE
26025,62272838.53,59172514.01,61841486.55,61436564.55,61629604.17,,,,FALSE,,FALSE,,FALSE,,FALSE
26050,59477375.12,62606613.36,60670502.77,61800328.04,60871324.92,,,,TRUE,,TRUE,,TRUE,,TRUE
26075,59958588.79,63790098.3,62693289.17,61624661.6,61520843.47,,,,TRUE,,TRUE,,TRUE,,TRUE
26100,60882361.46,63029779.4,61497924.02,64445558.44,61213501.2,,,,TRUE,,TRUE,,TRUE,,TRUE
26125,61050835.72,62199504.16,62458349.53,63000354.54,63757096.42,,,,TRUE,,TRUE,,TRUE,,TRUE
26150,59174441.17,64682471.29,63209585.44,64667758.61,63477208.26,,,,TRUE,,TRUE,,TRUE,,TRUE
26175,61587363.5,62624323.01,64640253.54,62248753.2,64049293.29,,,,TRUE,,TRUE,,TRUE,,TRUE
26200,62448454.72,65137950.37,64064583.65,64120221.63,63266367.4,,,,TRUE,,TRUE,,TRUE,,TRUE
26225,64157810.24,64849331.62,64196891.15,63409285.06,61576650.19,,,,TRUE,,TRUE,,FALSE,,FALSE
26250,61586696.59,64876733.19,64839390.44,62742757.91,63200291.14,,,,TRUE,,TRUE,,TRUE,,TRUE
26275,62660001.68,64988278.65,65618144.07,65491837.31,63267137.26,,,,TRUE,,TRUE,,TRUE,,TRUE
26300,62643147.68,63571179.19,65109470.15,65170292.74,65267476.67,,,,TRUE,,TRUE,,TRUE,,TRUE
26325,63150526.71,65861841.62,65327063.79,64871597.05,65135430,,,,TRUE,,TRUE,,TRUE,,TRUE
26350,63479390.18,66010332.45,66129191.43,66408032.83,65426620.27,,,,TRUE,,TRUE,,TRUE,,TRUE
26375,63461953.21,66050877.87,65918334.2,66176497.57,64647780.44,,,,TRUE,,TRUE,,TRUE,,TRUE
26400,64085650.52,67782799.37,65600377.97,66045137.65,65572736.64,,,,TRUE,,TRUE,,TRUE,,TRUE
26425,65004742.95,65409513.65,67059471.31,65104955.81,66725085.4,,,,TRUE,,TRUE,,TRUE,,TRUE
26450,64111775.55,66138667.05,66231613.68,66529243.02,64643237.81,,,,TRUE,,TRUE,,TRUE,,TRUE
26475,61500620.46,66819942.83,65021994.78,64506689.02,65172346.22,,,,TRUE,,TRUE,,TRUE,,TRUE
26500,63048771.68,66702466.07,64298490.12,64520609.48,64588179.21,,,,TRUE,,TRUE,,TRUE,,TRUE
26525,64041645.53,65162850.88,63373226.71,63360973.11,64770918.97,,,,TRUE,,FALSE,,FALSE,,TRUE
26550,61958103.55,65113217.19,64581060.51,63282704.06,64192325.96,,,,TRUE,,TRUE,,TRUE,,TRUE
26575,62545078.32,64466098.61,64969971,65775295.95,66266023.43,,,,TRUE,,TRUE,,TRUE,,TRUE
26600,63431635.62,65482021.06,64339704.89,65207564.49,65008547.65,,,,TRUE,,TRUE,,TRUE,,TRUE
26625,62729430.72,65457396.81,64004550.49,66004485.1,65320038.96,,,,TRUE,,TRUE,,TRUE,,TRUE
26650,63163320.46,64928190.99,64489390.33,66319921.36,65485901.43,,,,TRUE,,TRUE,,TRUE,,TRUE
26675,62525054,64125024.01,63885746.71,64544685.28,63584383.86,,,,TRUE,,TRUE,,TRUE,,TRUE
26700,64007355.1,62970664.61,63623197.09,64681863.57,65364569.26,,,,FALSE,,FALSE,,TRUE,,TRUE
26725,64652063.79,65966196.02,63245876.08,65290800.01,64152528.08,,,,TRUE,,FALSE,,TRUE,,FALSE
26750,65872655.5,65559086.25,64288803.74,63650989.42,63583175.44,,,,FALSE,,FALSE,,FALSE,,FALSE
26775,64865049.22,63546188.24,64650146.94,64021279.65,62953621.93,,,,FALSE,,FALSE,,FALSE,,FALSE
26800,64362097.2,63251979.22,63778238.68,65454164.23,64813986.57,,,,FALSE,,FALSE,,TRUE,,TRUE
26825,64085217.14,64635783.01,64991655.09,63984962.53,64598333.19,,,,TRUE,,TRUE,,FALSE,,TRUE
26850,62951674.62,64801200.54,64606043.48,65137260.21,66682775.26,,,,TRUE,,TRUE,,TRUE,,TRUE
26875,64478305.51,65212483.07,66934952.79,65163849.36,65444716.24,,,,TRUE,,TRUE,,TRUE,,TRUE
26900,64635346.44,65585243.46,66553034.43,65221054.7,64441703.85,,,,TRUE,,TRUE,,TRUE,,FALSE
26925,63926506.28,66380645.75,65684265.77,66113218.2,67131572.93,,,,TRUE,,TRUE,,TRUE,,TRUE
26950,64669897.09,65677695.44,65273562.2,66864759.51,66905630.36,,,,TRUE,,TRUE,,TRUE,,TRUE
26975,63646047.77,65286360.7,64366811.35,66226728.25,65987647.06,,,,TRUE,,TRUE,,TRUE,,TRUE
27000,63407715.92,65419285.05,65658338.98,64858740.18,65132895.51,,,,TRUE,,TRUE,,TRUE,,TRUE
27025,60441860.43,66480198.15,65734253.77,65775538.31,63809953,,,,TRUE,,TRUE,,TRUE,,TRUE
27050,63035093.32,65870524.04,65609420.66,65728636.18,65607768.32,,,,TRUE,,TRUE,,TRUE,,TRUE
27075,63541148.14,65566562.51,64208590.94,66416160,66247869.71,,,,TRUE,,TRUE,,TRUE,,TRUE
27100,63014134.08,65349886.6,65936318.3,64958833.97,65330172.86,,,,TRUE,,TRUE,,TRUE,,TRUE
27125,63853057.99,65615808.68,65912723.85,66179097.38,66667225.73,,,,TRUE,,TRUE,,TRUE,,TRUE
27150,65738822.76,65920996.26,65064448.99,66631135.14,64812453.26,,,,TRUE,,FALSE,,TRUE,,FALSE
27175,64791760.09,65346665.82,64129361.34,65923481.08,67552385.49,,,,TRUE,,FALSE,,TRUE,,TRUE
27200,61788406.18,65710011.28,63778618.74,63964537.23,66670511.87,,,,TRUE,,TRUE,,TRUE,,TRUE
27225,63182890.79,66937315.35,65842245.64,64407090.86,66353551.79,,,,TRUE,,TRUE,,TRUE,,TRUE
27250,62352637.24,64340516.54,63788362.51,65239722.95,67007674.77,,,,TRUE,,TRUE,,TRUE,,TRUE
27275,63085858.05,65747947.18,62970053.03,64959978.06,64006044.55,,,,TRUE,,FALSE,,TRUE,,TRUE
27300,61119073.57,65933109.78,63762800.42,64441197.92,69071801.91,,,,TRUE,,TRUE,,TRUE,,TRUE
27325,63158720.03,64145654.65,62293074.66,64571971.32,65478704.69,,,,TRUE,,FALSE,,TRUE,,TRUE
27350,61402169.63,65416546.8,63388035.89,63661008.07,64939772.06,,,,TRUE,,TRUE,,TRUE,,TRUE
27375,61451728.19,64704488.1,62451124.35,63114128.9,64275679.47,,,,TRUE,,TRUE,,TRUE,,TRUE
27400,59650502.26,62476129.1,61617138.18,65314145.98,66757445.66,,,,TRUE,,TRUE,,TRUE,,TRUE
27425,62030728.25,63937424.69,63227673.16,63787198.68,64811599.33,,,,TRUE,,TRUE,,TRUE,,TRUE
27450,61002556.75,64031734.16,65427174.34,63875184.63,64693688.23,,,,TRUE,,TRUE,,TRUE,,TRUE
27475,61794269.94,63179631.96,66957866.79,65264820.57,64520725.33,,,,TRUE,,TRUE,,TRUE,,TRUE
27500,62209035.63,64322370.67,66014862.86,65326966.33,65831173.91,,,,TRUE,,TRUE,,TRUE,,TRUE
27525,63893263.22,65559888.8,64579695.33,64854084.61,65536550.98,,,,TRUE,,TRUE,,TRUE,,TRUE
27550,63290523.73,65048368.88,64762395.66,66857964.41,67346823.8,,,,TRUE,,TRUE,,TRUE,,TRUE
27575,63622094.29,64728593.3,65191659.74,67405626.14,65546351.85,,,,TRUE,,TRUE,,TRUE,,TRUE
27600,63471676.3,66356493.04,65575213,63503257.83,67261485.17,,,,TRUE,,TRUE,,TRUE,,TRUE
27625,64387466.19,65781111.29,64482113.36,65243885.89,68566157.6,,,,TRUE,,TRUE,,TRUE,,TRUE
27650,62636384.03,67269472.32,66308616.87,65935688.68,66382473.98,,,,TRUE,,TRUE,,TRUE,,TRUE
27675,62539002.31,64376275.6,66050292.06,64724775.64,67037277.64,,,,TRUE,,TRUE,,TRUE,,TRUE
27700,63945961.7,65032099.7,67335928.76,66545167.29,66110340.3,,,,TRUE,,TRUE,,TRUE,,TRUE
27725,66877579.34,66428860.84,65624206.9,68138578.78,68105308.83,,,,FALSE,,FALSE,,TRUE,,TRUE
27750,63558764.26,67257155.15,65804895.34,65049771.92,69323521.12,,,,TRUE,,TRUE,,TRUE,,TRUE
27775,65464394.45,67061730.16,67202577.05,68722459.02,66941262.92,,,,TRUE,,TRUE,,TRUE,,TRUE
27800,64435373.81,66529850.7,67150708.2,67941819.21,67063061.52,,,,TRUE,,TRUE,,TRUE,,TRUE
27825,64154989.64,65679548.18,66291823.54,65568000.82,67039012.19,,,,TRUE,,TRUE,,TRUE,,TRUE
27850,64369747.34,67077563.01,67352996.68,66317903.49,67923577.63,,,,TRUE,,TRUE,,TRUE,,TRUE
27875,64343774.66,68095218.91,67501637.2,68557658.05,67431446.27,,,,TRUE,,TRUE,,TRUE,,TRUE
27900,64457782.44,66984717.83,65126299.23,65696863.65,67952212.24,,,,TRUE,,TRUE,,TRUE,,TRUE
27925,65549512.66,67334595.23,65569077.43,65464045.75,65788011.9,,,,TRUE,,TRUE,,FALSE,,TRUE
27950,64913347.11,65900415.11,65248963.77,67040295.75,66187589.54,,,,TRUE,,TRUE,,TRUE,,TRUE
27975,63513804.59,66173355.62,64839519.05,66801632.95,66637394.92,,,,TRUE,,TRUE,,TRUE,,TRUE
28000,62181251.77,67993379.59,66557798.13,65343940.09,67624168.58,,,,TRUE,,TRUE,,TRUE,,TRUE
28025,64321770.92,66833263.87,64662528.68,65335525.27,68220871.33,,,,TRUE,,TRUE,,TRUE,,TRUE
28050,66170433.09,66031307.97,67613809.87,65677374.79,66125524.31,,,,FALSE,,TRUE,,FALSE,,FALSE
28075,65302479.98,69450638.39,68281685.86,64543543.11,65763127.33,,,,TRUE,,TRUE,,FALSE,,TRUE
28100,64847584.27,68974226.89,68427019.16,68252369.45,67743564.74,,,,TRUE,,TRUE,,TRUE,,TRUE
28125,66076341.8,68229473.14,67576402.11,67679128.69,68748767.58,,,,TRUE,,TRUE,,TRUE,,TRUE
28150,64026202.92,68114800.66,67364368.31,66799339.58,68313224.94,,,,TRUE,,TRUE,,TRUE,,TRUE
28175,67637453.58,67024349.04,68699462.74,66996204.89,68335463.42,,,,FALSE,,TRUE,,FALSE,,TRUE
28200,65727255.54,66514198.63,67227929.84,69467878.66,68799676.54,,,,TRUE,,TRUE,,TRUE,,TRUE
28225,65997571.91,67172256.6,68492023.37,67067211.94,68827984.52,,,,TRUE,,TRUE,,TRUE,,TRUE
28250,66736251.62,67595573.91,69509281.32,69123937.69,68118058.34,,,,TRUE,,TRUE,,TRUE,,TRUE
28275,69049207.38,67403668.3,67789591.72,69546060.27,69468728.97,,,,FALSE,,FALSE,,TRUE,,TRUE
28300,66552505.16,68403415.86,67623527.91,69030811.37,68022298.44,,,,TRUE,,TRUE,,TRUE,,TRUE
28325,66289725.43,68566487.73,67389786.84,67609584.65,69214198.25,,,,TRUE,,TRUE,,TRUE,,TRUE
28350,65650050.31,66841263.79,65451381.4,66656420.71,67800690.13,,,,TRUE,,FALSE,,TRUE,,TRUE
28375,63701390.17,67732498.84,66307100.07,66637195.74,66957324.98,,,,TRUE,,TRUE,,TRUE,,TRUE
28400,64202041.61,66763771.91,67061989.54,66990196.82,66170913.93,,,,TRUE,,TRUE,,TRUE,,TRUE
28425,66110085.05,67524382.16,67653268.5,67362310.95,68778726.94,,,,TRUE,,TRUE,,TRUE,,TRUE
28450,65907363.45,66240335.05,66767796.57,67515939.16,68426545.06,,,,TRUE,,TRUE,,TRUE,,TRUE
28475,65022036.28,68336742.92,69972903.36,68286904.93,67198600.57,,,,TRUE,,TRUE,,TRUE,,TRUE
28500,66296667.37,65557909.1,66969080.53,67345650.1,68419461.64,,,,FALSE,,TRUE,,TRUE,,TRUE
28525,66309096.43,67202241.76,67118936.73,69750463.68,69908081.35,,,,TRUE,,TRUE,,TRUE,,TRUE
28550,67251368.34,70054448.85,66550039.95,69334008.05,70646967.14,,,,TRUE,,FALSE,,TRUE,,TRUE
28575,66923274.27,67905375.61,68163314.96,71047305.17,69407021.24,,,,TRUE,,TRUE,,TRUE,,TRUE
28600,66856191.31,66138514.68,67169097.36,67523612.66,67820385.07,,,,FALSE,,TRUE,,TRUE,,TRUE
28625,68378124.72,67049565.52,68104143.61,68602930.19,69544268.81,,,,FALSE,,FALSE,,TRUE,,TRUE
28650,67002853.75,66920428.89,66008353.7,67079785.8,66712475.62,,,,FALSE,,FALSE,,TRUE,,FALSE
28675,64136743.02,66129043.55,67389124.92,67684743.58,64810685.21,,,,TRUE,,TRUE,,TRUE,,TRUE
28700,65835821.87,65451840.46,66573892.95,65486145.14,67923323.37,,,,FALSE,,TRUE,,FALSE,,TRUE
28725,64795118.37,67280113.19,67266090.35,65203475.19,67764633.12,,,,TRUE,,TRUE,,TRUE,,TRUE
28750,63288412.85,65799741.87,68131257.37,64985777.31,67308183.91,,,,TRUE,,TRUE,,TRUE,,TRUE
28775,63841699.87,67201042.25,65669694.34,66805028.66,65289255.85,,,,TRUE,,TRUE,,TRUE,,TRUE
28800,64839718.92,65608281.07,64864453.16,66593379.21,67343323.15,,,,TRUE,,TRUE,,TRUE,,TRUE
28825,61398954.64,63262649.63,66213518.05,66402866.52,67271222.07,,,,TRUE,,TRUE,,TRUE,,TRUE
28850,64179569.53,62046401.45,63575370.13,65900857.07,65015753.74,,,,FALSE,,FALSE,,TRUE,,TRUE
28875,62270438.38,63824403.22,65390059.26,63044359.05,64163171.97,,,,TRUE,,TRUE,,TRUE,,TRUE
28900,62954355.04,61806703.13,63343523.19,62767882.42,63123988.48,,,,FALSE,,TRUE,,FALSE,,TRUE
28925,60876829.65,63049601.35,61490671.98,62912753.6,63034515.38,,,,TRUE,,TRUE,,TRUE,,TRUE
28950,61544864.58,65273500.9,63070400.86,63350125.56,64458683.68,,,,TRUE,,TRUE,,TRUE,,TRUE
28975,60309346.76,62118926.23,60021017.38,62498883.29,64842997.07,,,,TRUE,,FALSE,,TRUE,,TRUE
29000,59819331.69,61295255.27,60305236.8,63841957.27,63414003.27,,,,TRUE,,TRUE,,TRUE,,TRUE
29025,59727728.71,61423346.18,62338648.9,60520663,63683526.49,,,,TRUE,,TRUE,,TRUE,,TRUE
29050,60718063.56,62970147.38,60328799.38,62738124.16,62938302,,,,TRUE,,FALSE,,TRUE,,TRUE
29075,61098779.93,62960414.96,62866167.02,60162084.84,62920033.9,,,,TRUE,,TRUE,,FALSE,,TRUE
29100,57945255.37,60010431.39,62169336.33,59645895.79,61835540.94,,,,TRUE,,TRUE,,TRUE,,TRUE
29125,58306009.42,63073745.55,60614003.68,59358981.4,61203586.85,,,,TRUE,,TRUE,,TRUE,,TRUE
29150,57084172.01,60830898.78,58907473.46,60511564.37,59965897.72,,,,TRUE,,TRUE,,TRUE,,TRUE
29175,56857302.78,61931520.99,59167698.75,59608501.33,59738975,,,,TRUE,,TRUE,,TRUE,,TRUE
29200,55342700.51,58563318.04,59258388.31,58633631.63,58791245.07,,,,TRUE,,TRUE,,TRUE,,TRUE
29225,56986730.84,59008390.64,57569863.58,59252216.9,59409736.66,,,,TRUE,,TRUE,,TRUE,,TRUE
29250,58370792.02,59335690.82,56309902.43,58548679.87,58195823.35,,,,TRUE,,FALSE,,TRUE,,FALSE
29275,57978478.79,59575582.44,57979817.69,58259600.31,58422115.02,,,,TRUE,,TRUE,,TRUE,,TRUE
29300,55136958.29,58395590.99,54957885.28,55919270.23,57662529.93,,,,TRUE,,FALSE,,TRUE,,TRUE
29325,55825902.35,59043003.87,57942697.97,56526394.33,56589515.63,,,,TRUE,,TRUE,,TRUE,,TRUE
29350,56927585.35,56859073.76,58217115.68,55667821.18,57306869.62,,,,FALSE,,TRUE,,FALSE,,TRUE
29375,54293293.33,57028129.9,56814494.45,57334146.73,56549939.52,,,,TRUE,,TRUE,,TRUE,,TRUE
29400,54072165.38,57242908.87,57806133.55,55414300.52,57322624.29,,,,TRUE,,TRUE,,TRUE,,TRUE
29425,53831311.4,55385088.69,57840890.53,57600227.94,56390644.85,,,,TRUE,,TRUE,,TRUE,,TRUE
29450,54408894.02,57685503.38,57088170.35,57339114.95,55860247.2,,,,TRUE,,TRUE,,TRUE,,TRUE
29475,53574589.81,58500365.07,56385189.37,58313379.35,56313557.04,,,,TRUE,,TRUE,,TRUE,,TRUE
29500,53610157.92,56127648.02,54847934.54,54500471.63,54810589.94,,,,TRUE,,TRUE,,TRUE,,TRUE
29525,54874538.73,56440888.63,55285608.49,56110881.46,53237415.26,,,,TRUE,,TRUE,,TRUE,,FALSE
29550,51563319.17,57197117.94,54631257.38,54856318.09,52822724.9,,,,TRUE,,TRUE,,TRUE,,TRUE
29575,54014126.13,55818463.9,55576261.44,54745287.63,54750758.51,,,,TRUE,,TRUE,,TRUE,,TRUE
29600,53144081.78,55241306.01,53356550.14,55763198.99,54794119.45,,,,TRUE,,TRUE,,TRUE,,TRUE
29625,52980192.67,57003435.81,54956479.22,54461316.32,55848119.17,,,,TRUE,,TRUE,,TRUE,,TRUE
29650,53263769.66,55773547.1,55471665.88,54598173.32,55319432.55,,,,TRUE,,TRUE,,TRUE,,TRUE
29675,52447922.12,54565436.54,53528422.14,54151912.24,54388774.77,,,,TRUE,,TRUE,,TRUE,,TRUE
29700,52453058,56275327.2,54467221.64,52611182.61,54553313.76,,,,TRUE,,TRUE,,TRUE,,TRUE
29725,51892290.52,57070707.28,54396421.98,54876954.01,55531492.72,,,,TRUE,,TRUE,,TRUE,,TRUE
29750,52383828.47,55251914.59,53497626.74,55138155.3,56235825.77,,,,TRUE,,TRUE,,TRUE,,TRUE
29775,54470541.99,55646813.01,52703653.5,53661242.19,54896969.94,,,,TRUE,,FALSE,,FALSE,,TRUE
29800,53422093.08,56428647.34,54301191.65,54279748.46,53164602.46,,,,TRUE,,TRUE,,TRUE,,FALSE
29825,52047864.98,54174571.92,55012721.75,55486259.79,55234344.9,,,,TRUE,,TRUE,,TRUE,,TRUE
29850,51214582.32,54518851.7,53385490.72,55140313.12,52889464,,,,TRUE,,TRUE,,TRUE,,TRUE
29875,50330476.33,53423884.95,53478728.01,53590436.51,53692624.05,,,,TRUE,,TRUE,,TRUE,,TRUE
29900,52808913.62,54888918.46,53243048.36,54019265.97,55016162.6,,,,TRUE,,TRUE,,TRUE,,TRUE
29925,52466359.54,54584126.08,53334443.02,52887136.16,54009787.42,,,,TRUE,,TRUE,,TRUE,,TRUE
29950,50584403.29,55008717.37,51676012.61,53337098.77,55300214.96,,,,TRUE,,TRUE,,TRUE,,TRUE
29975,52570021.57,55567867.03,53372993.54,51721844.61,54233233.36,,,,TRUE,,TRUE,,FALSE,,TRUE
30000,52163612.54,54934569.89,53528171.75,53721593.26,54585980.99,,,,TRUE,,TRUE,,TRUE,,TRUE
30025,51289442,53733148.04,53254765.43,54362703.08,55341941.25,,,,TRUE,,TRUE,,TRUE,,TRUE
30050,52499403.54,53823917.48,55441145.04,53431768.02,55102934.4,,,,TRUE,,TRUE,,TRUE,,TRUE
30075,53551160.32,54641567.52,53924069.54,55923846.75,53882243.16,,,,TRUE,,TRUE,,TRUE,,TRUE
30100,53194978.9,54643366.08,54306450.85,53665487.32,55947797.02,,,,TRUE,,TRUE,,TRUE,,TRUE
30125,51865802.19,55199284.5,55365391.43,54488658.16,55484531.54,,,,TRUE,,TRUE,,TRUE,,TRUE
30150,52639673.72,56326249.7,53246100.05,53317079.87,55127874.36,,,,TRUE,,TRUE,,TRUE,,TRUE
30175,52462145.12,54569534.42,55327553.97,53551278.79,54854684.31,,,,TRUE,,TRUE,,TRUE,,TRUE
30200,53030787.57,53608646.99,54140913.35,53267892.19,54939681.32,,,,TRUE,,TRUE,,TRUE,,TRUE
30225,51882961.69,52689971.02,53778688.01,54496285.78,55545978.33,,,,TRUE,,TRUE,,TRUE,,TRUE
30250,53222509.62,55684758.97,55651489.86,55419268.59,54558116.72,,,,TRUE,,TRUE,,TRUE,,TRUE
30275,51079148.28,54268729.86,53651363.21,54819033.82,54391363.27,,,,TRUE,,TRUE,,TRUE,,TRUE
30300,52591856.93,53488989.45,53661199.89,52904263.1,54475026.69,,,,TRUE,,TRUE,,TRUE,,TRUE
30325,52375870.51,53526719.84,52186765.83,51557456.31,51652137.8,,,,TRUE,,FALSE,,FALSE,,FALSE
30350,51079045.94,53576765.19,54901631.62,53480220.66,54322249.34,,,,TRUE,,TRUE,,TRUE,,TRUE
30375,50596628.44,53045531.15,53831206.53,52905487.94,52742586.85,,,,TRUE,,TRUE,,TRUE,,TRUE
30400,49927334.78,55146965.44,54034456.13,54002272.77,54471220.39,,,,TRUE,,TRUE,,TRUE,,TRUE
30425,50849740.71,53588653.59,53499379.61,53178047.06,53176840.05,,,,TRUE,,TRUE,,TRUE,,TRUE
30450,51935192.58,54985336.82,52370593.66,53687265.91,55088496.26,,,,TRUE,,TRUE,,TRUE,,TRUE
30475,52512641.15,56165522.89,54226188.12,53025742.56,55259885.59,,,,TRUE,,TRUE,,TRUE,,TRUE
30500,50353830.97,54358963.88,53366219.66,53807375.98,55411192.33,,,,TRUE,,TRUE,,TRUE,,TRUE
30525,51238912.96,54636315.41,53731356.75,54435881.27,54930851.19,,,,TRUE,,TRUE,,TRUE,,TRUE
30550,52127363.81,53560481.18,53651183.92,53432092.8,53845400.75,,,,TRUE,,TRUE,,TRUE,,TRUE
30575,51011093.6,53539008.85,53681617.21,52868907.28,52674747.57,,,,TRUE,,TRUE,,TRUE,,TRUE
30600,51265398.54,53605463.11,52778783.65,53257883.27,52973434.85,,,,TRUE,,TRUE,,TRUE,,TRUE
30625,50768666.07,54982966.12,52223950.55,52492876.94,53424580.08,,,,TRUE,,TRUE,,TRUE,,TRUE
30650,51151225.56,54782207.33,55469332.71,54702225.09,54279719.44,,,,TRUE,,TRUE,,TRUE,,TRUE
30675,52366283.47,55225804.44,52645346.63,52542472.17,52744928.7,,,,TRUE,,TRUE,,TRUE,,TRUE
30700,53249083.27,55202318.36,55390527.7,55205637.26,54695416.26,,,,TRUE,,TRUE,,TRUE,,TRUE
30725,50364410.52,54284601.41,53007807.25,54212832.28,53940626.96,,,,TRUE,,TRUE,,TRUE,,TRUE
30750,51045484.44,52848608.63,53789699.33,53688104.53,55129381.34,,,,TRUE,,TRUE,,TRUE,,TRUE
30775,51615611.63,52950324.4,53970254.41,53786713.67,54440208.1,,,,TRUE,,TRUE,,TRUE,,TRUE
30800,51509420.46,55542455.84,54714896.29,53484285.52,56622541.29,,,,TRUE,,TRUE,,TRUE,,TRUE
30825,53739437.32,55330397.49,53008634.8,54751274.34,56983154.42,,,,TRUE,,FALSE,,TRUE,,TRUE
30850,51844478.43,55631433.76,54807069.82,55572476.01,56870349.54,,,,TRUE,,TRUE,,TRUE,,TRUE
30875,52311271.62,55798789.12,54444078.06,54837285.93,55856340.72,,,,TRUE,,TRUE,,TRUE,,TRUE
30900,51963701.29,55947378.04,53608884.99,54295462.02,52959953.78,,,,TRUE,,TRUE,,TRUE,,TRUE
30925,53575421.9,55630569.42,53962041.51,54463254.4,53243411.67,,,,TRUE,,TRUE,,TRUE,,FALSE
30950,52344185.18,53950226.82,54085259.14,54331353.12,54113145.37,,,,TRUE,,TRUE,,TRUE,,TRUE
30975,52183874.56,53866591.19,55148404.69,55089366.02,53541257.42,,,,TRUE,,TRUE,,TRUE,,TRUE
31000,52216306.18,57191156.56,56204824.43,56194216.9,55186644.68,,,,TRUE,,TRUE,,TRUE,,TRUE
31025,51790415.25,53918425.65,53988609.41,54792721.19,53333456.27,,,,TRUE,,TRUE,,TRUE,,TRUE
31050,52365968.98,55085605.35,55249030.95,53822048.77,53750559.71,,,,TRUE,,TRUE,,TRUE,,TRUE
31075,50966242.2,55664495.69,54324173.63,55440690.43,54624564.15,,,,TRUE,,TRUE,,TRUE,,TRUE
31100,52604462.76,53813692.21,53154799.02,55068214.53,55075176.55,,,,TRUE,,TRUE,,TRUE,,TRUE
31125,51577710.67,53925086.95,52881504.03,55211812.52,54239829.38,,,,TRUE,,TRUE,,TRUE,,TRUE
31150,52293397.73,53653910.65,54090563.73,54672635.77,54750961.34,,,,TRUE,,TRUE,,TRUE,,TRUE
31175,52231974.04,54914473.13,52524936.94,54237406.67,54570300.28,,,,TRUE,,TRUE,,TRUE,,TRUE
31200,51629411.68,55153536.52,53607691.15,54241856.58,54808968.61,,,,TRUE,,TRUE,,TRUE,,TRUE
31225,51999978.09,55051397.47,56472538,54249087.79,54672141.51,,,,TRUE,,TRUE,,TRUE,,TRUE
31250,51977348.17,56549115.33,55484126.04,54660964.93,54969468.82,,,,TRUE,,TRUE,,TRUE,,TRUE
31275,52755849.95,53513079.93,54210194.8,54314108.99,52874872.27,,,,TRUE,,TRUE,,TRUE,,TRUE
31300,52473286,53104728.01,53601494.08,55787606.97,54652429.08,,,,TRUE,,TRUE,,TRUE,,TRUE
31325,53489251.6,55868136.39,53426721.82,55126835.72,56077411.46,,,,TRUE,,FALSE,,TRUE,,TRUE
31350,50978161.57,54155749.71,53838340.88,54406509.4,54608911.12,,,,TRUE,,TRUE,,TRUE,,TRUE
31375,51848234.22,54838002.76,55717418.11,54360826.37,53531287.87,,,,TRUE,,TRUE,,TRUE,,TRUE
31400,52018969.01,55552814.47,56332206.45,54591904.84,54499388.91,,,,TRUE,,TRUE,,TRUE,,TRUE
31425,53505303.69,56693805.07,55834004.21,55059184.58,55554904.21,,,,TRUE,,TRUE,,TRUE,,TRUE
31450,53219338.46,55497189.4,54582672.04,56584487.38,55306087,,,,TRUE,,TRUE,,TRUE,,TRUE
31475,54231247.55,57071981.16,54679308.36,55408133.5,56570429.98,,,,TRUE,,TRUE,,TRUE,,TRUE
31500,52202317.98,58063653.7,56756843.72,57000824.24,54986864.09,,,,TRUE,,TRUE,,TRUE,,TRUE
31525,54235727.54,55240238.03,54235604.21,53948386.33,54516928.99,,,,TRUE,,FALSE,,FALSE,,TRUE
31550,52504559.08,55433290.61,55150937.94,55900857.78,55705182,,,,TRUE,,TRUE,,TRUE,,TRUE
31575,52959653.57,54215301.92,54524960.03,56358125.67,54213353.44,,,,TRUE,,TRUE,,TRUE,,TRUE
31600,51656218.87,55719224.89,55380805.03,54102965.39,54053725.34,,,,TRUE,,TRUE,,TRUE,,TRUE
31625,52400728.31,55527762.33,54610192.56,53662310.74,55121645.32,,,,TRUE,,TRUE,,TRUE,,TRUE
31650,53909096.45,57092186.94,56072707.74,57767599.96,56585879.2,,,,TRUE,,TRUE,,TRUE,,TRUE
31675,53903211.24,55247456.29,54393454.65,55905187.86,54508413.05,,,,TRUE,,TRUE,,TRUE,,TRUE
31700,53064435.15,55393689.73,54159006.49,55848795.91,56810522.44,,,,TRUE,,TRUE,,TRUE,,TRUE
31725,54142633.8,57367818.34,55801345.33,56536485.89,58048750.91,,,,TRUE,,TRUE,,TRUE,,TRUE
31750,53307498.49,57590725.01,57829355.79,56860378.38,56876140.54,,,,TRUE,,TRUE,,TRUE,,TRUE
31775,54911980.61,56540554.68,57179269.14,57178888.71,56047280.57,,,,TRUE,,TRUE,,TRUE,,TRUE
31800,52593962.11,55985355.25,56192177.11,56252454.35,57549155.11,,,,TRUE,,TRUE,,TRUE,,TRUE
31825,53969503.11,55252753.31,54360328.55,57130706.44,54800410.52,,,,TRUE,,TRUE,,TRUE,,TRUE
31850,52428160.59,53262256.64,54985610.53,55791195.42,53561182.32,,,,TRUE,,TRUE,,TRUE,,TRUE
31875,52302901.3,55263058.62,55092140.71,56383514.93,53708436.58,,,,TRUE,,TRUE,,TRUE,,TRUE
31900,53370592.29,54091680.31,56738834.07,56360733.63,53183515.53,,,,TRUE,,TRUE,,TRUE,,FALSE
31925,53500952.95,54765783.13,55236809.58,56607930.93,54567422.49,,,,TRUE,,TRUE,,TRUE,,TRUE
31950,52263121.68,56818253.2,56373169.8,54868746.29,57007951.46,,,,TRUE,,TRUE,,TRUE,,TRUE
31975,52001182.58,54424185.16,54389745.57,55393354.49,57199981.24,,,,TRUE,,TRUE,,TRUE,,TRUE
32000,53821460.51,54983295.18,55425221.95,55121189.15,55093055.29,,,,TRUE,,TRUE,,TRUE,,TRUE
32025,52784119.42,54818217.93,55995074.8,53743679.12,54062411.21,,,,TRUE,,TRUE,,TRUE,,TRUE
32050,52971854.47,56204657.52,55252990.5,56197121,54438428.24,,,,TRUE,,TRUE,,TRUE,,TRUE
32075,52909507.01,54520403.19,55131570.46,55504147.99,55376831.16,,,,TRUE,,TRUE,,TRUE,,TRUE
32100,53672519.72,57292405.28,55726459.74,55715666.23,55716731.85,,,,TRUE,,TRUE,,TRUE,,TRUE
32125,52526757.5,54758177.01,55474101.97,53342995.11,54161609.44,,,,TRUE,,TRUE,,TRUE,,TRUE
32150,52847545.74,55207855.56,55037772.41,53651126.7,54727112.1,,,,TRUE,,TRUE,,TRUE,,TRUE
32175,53564341.88,54996531.57,56372347.23,55547214.37,55031754.05,,,,TRUE,,TRUE,,TRUE,,TRUE
32200,52458702.57,57345589.31,54874178.3,56220008.16,55637724.06,,,,TRUE,,TRUE,,TRUE,,TRUE
32225,53354074.9,56961755.87,55482660.85,55044809.48,56079205.82,,,,TRUE,,TRUE,,TRUE,,TRUE
32250,51584052.21,58092491.22,57244734.36,54336355.1,56357274.69,,,,TRUE,,TRUE,,TRUE,,TRUE
32275,54651249.62,55001755.42,56047134.38,55094200.92,55376109.63,,,,TRUE,,TRUE,,TRUE,,TRUE
32300,52859752.12,55503428.6,56166308.42,57803984.22,55673365.95,,,,TRUE,,TRUE,,TRUE,,TRUE
32325,54396562.39,57106523,56370989.95,55842390.16,55211406.93,,,,TRUE,,TRUE,,TRUE,,TRUE
32350,54513228.11,57566014.65,56580601.8,55459623.98,54939219.03,,,,TRUE,,TRUE,,TRUE,,TRUE
32375,53947503,56252142.62,55010462.49,55353619.34,55115383.34,,,,TRUE,,TRUE,,TRUE,,TRUE
32400,54380996.74,55953180.85,56219038.32,57128283.41,56392328.79,,,,TRUE,,TRUE,,TRUE,,TRUE
32425,51314924.13,55318618.21,55857411.39,55815215.8,56401791.44,,,,TRUE,,TRUE,,TRUE,,TRUE
32450,53663834.54,55676852.87,55234273.56,56205919.14,55714408.13,,,,TRUE,,TRUE,,TRUE,,TRUE
32475,52462668.72,54036658.42,55881904.77,54615486.7,54979387.64,,,,TRUE,,TRUE,,TRUE,,TRUE
32500,50861210.4,53082909.01,54828715.12,53787437.5,53231604.09,,,,TRUE,,TRUE,,TRUE,,TRUE
32525,51148417.08,55243041.61,55727025.04,53071210.46,53656520.83,,,,TRUE,,TRUE,,TRUE,,TRUE
32550,49474205.65,53489392.14,54888299.6,54071351.26,53633189.07,,,,TRUE,,TRUE,,TRUE,,TRUE
32575,51531482.37,53164946.42,54114626.04,52838683.34,54255085.9,,,,TRUE,,TRUE,,TRUE,,TRUE
32600,50804932.66,53100699.7,55405044.23,54934453.32,53102806.48,,,,TRUE,,TRUE,,TRUE,,TRUE
32625,51003881.85,53294363.53,53715380.64,53769997.02,54823632.2,,,,TRUE,,TRUE,,TRUE,,TRUE
32650,50515415.95,53704748.26,54917888.51,53843380.95,51745558.95,,,,TRUE,,TRUE,,TRUE,,TRUE
32675,52226081.7,51985887.32,54622721.24,53948602.9,52296730,,,,FALSE,,TRUE,,TRUE,,TRUE
32700,51357940.7,54190430.7,53250352.59,53482974.6,52505316.61,,,,TRUE,,TRUE,,TRUE,,TRUE
32725,48162449.34,52542175.75,53338971.39,53443923.04,52375112.68,,,,TRUE,,TRUE,,TRUE,,TRUE
32750,51279811.01,51776559.3,50603273.75,53033711.63,52100148.24,,,,TRUE,,FALSE,,TRUE,,TRUE
32775,49178498.99,50242395.8,51313061.03,51663756.9,54828683.8,,,,TRUE,,TRUE,,TRUE,,TRUE
32800,48299465.63,52252664.08,52678575.65,53207850.87,51345512.76,,,,TRUE,,TRUE,,TRUE,,TRUE
32825,48390577.93,50276784.25,52191267.32,50890977.39,50810893.02,,,,TRUE,,TRUE,,TRUE,,TRUE
32850,48549291.53,50389256.37,50828355.33,51944274.51,51146332.03,,,,TRUE,,TRUE,,TRUE,,TRUE
32875,48084460.65,49382220.53,50653868.38,51054004.66,52681058.94,,,,TRUE,,TRUE,,TRUE,,TRUE
32900,47170253.6,51194149.35,51365695.68,50842026.59,51037222.68,,,,TRUE,,TRUE,,TRUE,,TRUE
32925,48617645.79,52253940.66,49844581.37,51043770.34,50422378.48,,,,TRUE,,TRUE,,TRUE,,TRUE
32950,48002030.51,51620473.11,51098632.47,49328502.79,51867757.64,,,,TRUE,,TRUE,,TRUE,,TRUE
32975,48610318.89,52005528.35,51002486.07,52194603.76,51208162.46,,,,TRUE,,TRUE,,TRUE,,TRUE
33000,47312162.31,50404854.95,51229695.69,51140917.53,49498283.33,,,,TRUE,,TRUE,,TRUE,,TRUE
33025,49382927.91,50741513.35,51151387.42,50436056.51,51507093.45,,,,TRUE,,TRUE,,TRUE,,TRUE
33050,48114649.04,49490341.71,50418571.77,50440556.88,48961367.62,,,,TRUE,,TRUE,,TRUE,,TRUE
33075,47241611.72,49899281.2,50028604.66,51602679.1,49328817.19,,,,TRUE,,TRUE,,TRUE,,TRUE
33100,47160672.77,51269323.96,49609326.49,50633138.47,50325353.09,,,,TRUE,,TRUE,,TRUE,,TRUE
33125,47742627.45,50268722.33,50802307.02,48931545.99,50008201.5,,,,TRUE,,TRUE,,TRUE,,TRUE
33150,46586991.7,49276411.14,46924441.54,49228379.83,48581104.74,,,,TRUE,,TRUE,,TRUE,,TRUE
33175,46975089.94,48229853.13,48478069.06,50130061.66,49641687.22,,,,TRUE,,TRUE,,TRUE,,TRUE
33200,46946179.23,49352029.85,49106797.21,49559339.44,48823955.27,,,,TRUE,,TRUE,,TRUE,,TRUE
33225,46189613.53,50734142.12,46856629.64,48145000.62,48030119.47,,,,TRUE,,TRUE,,TRUE,,TRUE
33250,46352332.89,50667357.06,49153689.92,48886931.1,48987152.36,,,,TRUE,,TRUE,,TRUE,,TRUE
33275,46939879.48,49654566.5,50011283.27,48226391.21,49999791.4,,,,TRUE,,TRUE,,TRUE,,TRUE
33300,46788459.31,50629631.02,49746356.66,49860047.03,49931255.74,,,,TRUE,,TRUE,,TRUE,,TRUE
33325,46395686.45,50093986.44,50106943.07,49391827.71,49830333.98,,,,TRUE,,TRUE,,TRUE,,TRUE
33350,46087648.74,50345680.8,49029312.86,49539949.37,49984924.54,,,,TRUE,,TRUE,,TRUE,,TRUE
33375,46325176.43,51446552.99,49311030.67,48799511.75,49477554.17,,,,TRUE,,TRUE,,TRUE,,TRUE
33400,46844580.08,48930486.34,46224845.25,48218403.44,49793349.77,,,,TRUE,,FALSE,,TRUE,,TRUE
33425,44410498.64,49728054.79,47750591.31,48199291.35,50464644.34,,,,TRUE,,TRUE,,TRUE,,TRUE
33450,43744786.86,48841017.74,48732749.07,47360753.79,49396311.91,,,,TRUE,,TRUE,,TRUE,,TRUE
33475,44596620.04,49045528.35,47458758.23,49253903.4,48035993.93,,,,TRUE,,TRUE,,TRUE,,TRUE
33500,45033570.93,47484747.38,46507017.7,48063472.37,48148473.43,,,,TRUE,,TRUE,,TRUE,,TRUE
33525,45402007.51,47550492.63,45848278.07,49586065.57,47619881.3,,,,TRUE,,TRUE,,TRUE,,TRUE
33550,43720448.6,46988129.39,46634501.95,48791589.28,47352535.01,,,,TRUE,,TRUE,,TRUE,,TRUE
33575,46821707.5,47005816.84,45625499.68,48458786.03,47274838.16,,,,TRUE,,FALSE,,TRUE,,TRUE
33600,44376418.81,49610991.32,48217691.62,47405450.52,47860787.28,,,,TRUE,,TRUE,,TRUE,,TRUE
33625,44814125.22,45519915.25,48004305.67,47387694.45,47213627.62,,,,TRUE,,TRUE,,TRUE,,TRUE
33650,44277062.83,48258918.34,47450505.36,48233919.78,47210050.78,,,,TRUE,,TRUE,,TRUE,,TRUE
33675,44956096.34,47670231.06,46321615.48,46866679.12,47729560.06,,,,TRUE,,TRUE,,TRUE,,TRUE
33700,44916988.73,46045853.22,46554083.55,47752377.25,47043107.82,,,,TRUE,,TRUE,,TRUE,,TRUE
33725,44560160.25,47175259.03,46980116.17,49223168.86,47306693.61,,,,TRUE,,TRUE,,TRUE,,TRUE
33750,44985679.41,46610066.22,45572461.53,47108960.61,48424217.73,,,,TRUE,,TRUE,,TRUE,,TRUE
33775,45612514.18,46765841.45,45760818.12,47165311.65,47398268.55,,,,TRUE,,TRUE,,TRUE,,TRUE
33800,45638319.08,47506284.93,47503939.89,49299443.74,48808182.97,,,,TRUE,,TRUE,,TRUE,,TRUE
33825,44953092.43,49703475.14,48432825.52,47498868.04,47120681.69,,,,TRUE,,TRUE,,TRUE,,TRUE
33850,43530945.29,46839629.26,47349865.59,47551115.65,47817614.38,,,,TRUE,,TRUE,,TRUE,,TRUE
33875,43033469.24,47369022.91,47944001.09,47954451.67,48254421.86,,,,TRUE,,TRUE,,TRUE,,TRUE
33900,43287524.54,47984876.74,47912057.13,47552368.6,48896225.99,,,,TRUE,,TRUE,,TRUE,,TRUE
33925,44836821.38,46324593.77,45557804.79,45861657.26,47054935.6,,,,TRUE,,TRUE,,TRUE,,TRUE
33950,44973804.29,46468301.48,45886044.23,47336303.99,46715515.4,,,,TRUE,,TRUE,,TRUE,,TRUE
33975,45365297.81,46515081.18,46773481.34,48336451.57,47470996.29,,,,TRUE,,TRUE,,TRUE,,TRUE
34000,44967541.98,46735173.72,46601885.2,48679134.25,46169394.34,,,,TRUE,,TRUE,,TRUE,,TRUE
34025,44696196.42,46977072.59,49115209.32,49322631.62,47968856.95,,,,TRUE,,TRUE,,TRUE,,TRUE
34050,42990319.04,46274316.65,46214513.83,48470756.98,46024914.71,,,,TRUE,,TRUE,,TRUE,,TRUE
34075,44988130.56,46965423.97,46777509.79,48707141.63,47919849.26,,,,TRUE,,TRUE,,TRUE,,TRUE
34100,44859392.12,46702228.41,47181880.58,49460574.69,48076855.61,,,,TRUE,,TRUE,,TRUE,,TRUE
34125,45671698.69,47574433.07,48392678.76,46346647.62,48540853.38,,,,TRUE,,TRUE,,TRUE,,TRUE
34150,43862275.12,47719339.24,46744126.69,46613061.96,46480667.92,,,,TRUE,,TRUE,,TRUE,,TRUE
34175,44193638.37,47219278.96,45429866.27,47516183.17,48275232.75,,,,TRUE,,TRUE,,TRUE,,TRUE
34200,44155651.55,48145372.61,46950371.62,47988706.28,47964044.98,,,,TRUE,,TRUE,,TRUE,,TRUE
34225,43894381.01,47150501.21,47136822.11,47220067.18,46440250.6,,,,TRUE,,TRUE,,TRUE,,TRUE
34250,43136035.53,47294269.96,46535623.57,48233674.29,46850587.51,,,,TRUE,,TRUE,,TRUE,,TRUE
34275,45101427.04,47536534.72,47602874.43,47433226.95,46927268.29,,,,TRUE,,TRUE,,TRUE,,TRUE
34300,44404148.83,47791282.53,46484466.73,48800631.4,47383009.88,,,,TRUE,,TRUE,,TRUE,,TRUE
34325,44847422.69,46921581.1,48020594.38,48849323.38,47742154.6,,,,TRUE,,TRUE,,TRUE,,TRUE
34350,45840142.28,47856973.26,46505004.66,47404570.05,46466991.27,,,,TRUE,,TRUE,,TRUE,,TRUE
34375,46020859.08,48465553.92,47465379.22,47928816.5,47674401.54,,,,TRUE,,TRUE,,TRUE,,TRUE
34400,44750724.79,48144255.99,48121041.62,49848336.48,48388812.27,,,,TRUE,,TRUE,,TRUE,,TRUE
34425,45545500.78,48151270.23,47042148.16,47811561.5,49202811.62,,,,TRUE,,TRUE,,TRUE,,TRUE
34450,47007672.6,49639736.92,47381972.87,48694376.77,48748271.83,,,,TRUE,,TRUE,,TRUE,,TRUE
34475,47528060.85,48266660.94,47259315.69,46616897.89,47002838.97,,,,TRUE,,FALSE,,FALSE,,FALSE
34500,43250201.05,46350676.07,45732158.87,48092516.58,48138995.65,,,,TRUE,,TRUE,,TRUE,,TRUE
34525,45801207.32,47892237.02,47685228.23,48334882.12,48407668.16,,,,TRUE,,TRUE,,TRUE,,TRUE
34550,43297480.3,48489881.35,47523731.46,47635221.55,47854155.37,,,,TRUE,,TRUE,,TRUE,,TRUE
34575,43366023.4,47601837.29,44192313.6,45166677.91,46391177.73,,,,TRUE,,TRUE,,TRUE,,TRUE
34600,43628580.67,47426588.49,45763770.35,47109133.92,47232759.91,,,,TRUE,,TRUE,,TRUE,,TRUE
34625,42961697.84,46779210.21,46153651.15,46391309.88,45524713.7,,,,TRUE,,TRUE,,TRUE,,TRUE
34650,45003752.73,46995504.08,45754688.82,46870733.07,46101191.28,,,,TRUE,,TRUE,,TRUE,,TRUE
34675,43659815.53,45957284.07,44561806.02,47001296.47,45844019.06,,,,TRUE,,TRUE,,TRUE,,TRUE
34700,43526758.67,46921514.69,46412198.95,47357805.86,47334195.61,,,,TRUE,,TRUE,,TRUE,,TRUE
34725,45844010.44,45693456.82,46873453.28,47977149.51,48850204.03,,,,FALSE,,TRUE,,TRUE,,TRUE
34750,45150409.66,47158191.65,46606112.25,46344905.19,47853401.65,,,,TRUE,,TRUE,,TRUE,,TRUE
34775,43766394.82,46656149.91,47859624.21,47337590.6,46115834.58,,,,TRUE,,TRUE,,TRUE,,TRUE
34800,42922706.75,45784044.68,46947963.93,48331993.89,47421407.43,,,,TRUE,,TRUE,,TRUE,,TRUE
34825,44545289.81,46295589.69,46621350.54,47378155.31,45522829.55,,,,TRUE,,TRUE,,TRUE,,TRUE
34850,44211164.78,46651027.94,46589358.25,45864549.22,46686905.06,,,,TRUE,,TRUE,,TRUE,,TRUE
34875,43541935.88,44949383.45,45279145.21,46344789.18,45690928.94,,,,TRUE,,TRUE,,TRUE,,TRUE
34900,43675724.61,46294658.44,46948664.94,46109618.2,46996323.65,,,,TRUE,,TRUE,,TRUE,,TRUE
34925,44442498.4,45691143.16,44924086.27,45628722.73,45036228.7,,,,TRUE,,TRUE,,TRUE,,TRUE
34950,43920579.2,46315319.21,44559484.77,45575529.18,46607206.84,,,,TRUE,,TRUE,,TRUE,,TRUE
34975,43371088.67,46656110.2,45189232.06,46170729.82,47255503.06,,,,TRUE,,TRUE,,TRUE,,TRUE
35000,43523744.92,48263577.5,45509791.1,46165832.42,46270411.84,,,,TRUE,,TRUE,,TRUE,,TRUE
35025,43446832.38,45231364.07,46059419.54,45108954.46,46013168.2,,,,TRUE,,TRUE,,TRUE,,TRUE
35050,45052170.11,46264736.2,45988553.63,45954098.91,46132999.2,,,,TRUE,,TRUE,,TRUE,,TRUE
35075,43887555.88,47579647.35,45261847.79,45545995.64,46315264.64,,,,TRUE,,TRUE,,TRUE,,TRUE
35100,44652205.85,45726888.33,46006575.03,47447123.78,47355654.88,,,,TRUE,,TRUE,,TRUE,,TRUE
35125,43957005.06,47006479.34,45540981.6,46406137.49,46484131.88,,,,TRUE,,TRUE,,TRUE,,TRUE
35150,42028855.72,46195349.7,46088665.26,46160617.93,46602212.03,,,,TRUE,,TRUE,,TRUE,,TRUE
35175,45171304.38,45857400.4,44746008.1,45576258.6,46883027.91,,,,TRUE,,FALSE,,TRUE,,TRUE
35200,43196906.9,45943551.47,44991632.19,45660682.62,46334714.27,,,,TRUE,,TRUE,,TRUE,,TRUE
35225,43825287.67,46135312.49,44791855.45,45364855.74,48661914.99,,,,TRUE,,TRUE,,TRUE,,TRUE
35250,42776424.52,46267844.71,46239378.63,46049640.02,46000124.43,,,,TRUE,,TRUE,,TRUE,,TRUE
35275,45000811.01,46397137.44,47510190.73,48261338.7,48022940.8,,,,TRUE,,TRUE,,TRUE,,TRUE
35300,43521084.54,46986318.27,46369119.08,46059912.99,47421476.02,,,,TRUE,,TRUE,,TRUE,,TRUE
35325,44506549.47,46856941.3,47092959.8,47244443.18,48186022.51,,,,TRUE,,TRUE,,TRUE,,TRUE
35350,45757972.38,47288855.14,46457439.17,47499281.3,46871018.3,,,,TRUE,,TRUE,,TRUE,,TRUE
35375,44759931.87,46094370.78,45772749.4,46720807.03,45578350.58,,,,TRUE,,TRUE,,TRUE,,TRUE
35400,43556318.02,47637716.59,47396906.61,46270480.66,46643630.69,,,,TRUE,,TRUE,,TRUE,,TRUE
35425,44100347.42,46616867.62,45438988.33,46917722.36,46473182.32,,,,TRUE,,TRUE,,TRUE,,TRUE
35450,43984902.12,45877424.16,45854727.31,45181403.65,45795095.75,,,,TRUE,,TRUE,,TRUE,,TRUE
35475,43429277.95,46484264.71,46470355.77,45411431.38,45654279.84,,,,TRUE,,TRUE,,TRUE,,TRUE
35500,43549780.53,47342123.07,47868210.1,45517628.29,48145975.78,,,,TRUE,,TRUE,,TRUE,,TRUE
35525,43318847.75,46456410.92,45935145.64,46651892.22,46409812,,,,TRUE,,TRUE,,TRUE,,TRUE
35550,45660568.22,46515489.57,47202338.84,47102696.28,47425547.26,,,,TRUE,,TRUE,,TRUE,,TRUE
35575,44004600.98,47109576.98,46848750.28,48342676.46,47856539.33,,,,TRUE,,TRUE,,TRUE,,TRUE
35600,45309603.04,48499207.45,45927054.86,47572904.24,47576535.28,,,,TRUE,,TRUE,,TRUE,,TRUE
35625,46423928.61,47138249.25,46452231.8,47249335.64,46804862.27,,,,TRUE,,TRUE,,TRUE,,TRUE
35650,44733324.4,47155616.41,47794113.99,47258142.64,46089238.67,,,,TRUE,,TRUE,,TRUE,,TRUE
35675,45769264.91,46045949.49,46848052.28,47508042.43,48251457.48,,,,TRUE,,TRUE,,TRUE,,TRUE
35700,44561584.42,47616202.5,48167501.86,48309126.1,46396254.06,,,,TRUE,,TRUE,,TRUE,,TRUE
35725,44640321.72,47092907.29,46433117.68,46848541.7,47319801.19,,,,TRUE,,TRUE,,TRUE,,TRUE
35750,46352122.25,48501920.85,46192734.38,47709498.58,47089318.86,,,,TRUE,,FALSE,,TRUE,,TRUE
35775,44594491.98,47516481.42,48516108.21,48498032,47341198.37,,,,TRUE,,TRUE,,TRUE,,TRUE
35800,45358382.1,46759944.54,45067977.46,47923372.44,48787734.51,,,,TRUE,,FALSE,,TRUE,,TRUE
35825,44705695.28,47018377.53,46494180.65,48156778.89,48056747.17,,,,TRUE,,TRUE,,TRUE,,TRUE
35850,45501480.1,47293430.19,48651994.1,49176666.75,48200796.43,,,,TRUE,,TRUE,,TRUE,,TRUE
35875,44682589.82,49690796.8,48682330.55,48578742.19,49288288.85,,,,TRUE,,TRUE,,TRUE,,TRUE
35900,44839254.17,46654422.63,47825185.98,48210078.46,48296296.06,,,,TRUE,,TRUE,,TRUE,,TRUE
35925,45597518.85,47035985.17,48428206.69,46907216.9,47985785.8,,,,TRUE,,TRUE,,TRUE,,TRUE
35950,44919777.34,47496703.22,45126441.89,46257223.78,47266509.57,,,,TRUE,,TRUE,,TRUE,,TRUE
35975,45412213.84,46479078.67,47700260.14,46639007.15,47597200.26,,,,TRUE,,TRUE,,TRUE,,TRUE
36000,45005183.68,48947675.83,47530543.43,46458294.97,47857507.57,,,,TRUE,,TRUE,,TRUE,,TRUE
