step,FTSC,SDQN Compressed Obs,SDQN Uncompressed Obs,CDQN Compressed Obs,CDQN Uncompressed Obs,,,98.09027778,565,97.22222222,560,99.30555556,572,99.30555556,572,65.79861111,379,46.70138889,269
21625,11.75226979,11.24776587,11.06445455,11.70357349,11.0425258,,,,TRUE,,TRUE,,TRUE,,TRUE,,FALSE,,FALSE
21650,11.01089452,10.74582458,10.66106022,10.38765662,10.20684073,,,,TRUE,,TRUE,,TRUE,,TRUE,,FALSE,,FALSE
21675,10.46106641,11.10789271,10.45044006,9.943764279,10.34892705,,,,FALSE,,TRUE,,TRUE,,TRUE,,FALSE,,TRUE
21700,9.023674905,9.891922449,8.766246404,8.618821984,8.552674938,,,,FALSE,,TRUE,,TRUE,,TRUE,,FALSE,,FALSE
21725,8.102584803,8.598814367,8.333346406,7.833418953,7.617555106,,,,FALSE,,FALSE,,TRUE,,TRUE,,FALSE,,FALSE
21750,7.555550117,7.917509361,7.963155151,7.387881508,7.526723813,,,,FALSE,,FALSE,,TRUE,,TRUE,,TRUE,,TRUE
21775,7.39401869,7.383363189,7.713597433,7.147247152,7.332815478,,,,TRUE,,FALSE,,TRUE,,TRUE,,TRUE,,TRUE
21800,7.190387429,6.949044412,7.136904086,7.220408701,6.91328585,,,,TRUE,,TRUE,,FALSE,,TRUE,,TRUE,,FALSE
21825,7.081470489,6.673666308,6.456473044,6.563796652,6.712700093,,,,TRUE,,TRUE,,TRUE,,TRUE,,FALSE,,TRUE
21850,6.835162088,6.566379331,6.09592401,6.413863439,6.428798032,,,,TRUE,,TRUE,,TRUE,,TRUE,,FALSE,,TRUE
21875,7.389899842,6.80411983,6.730767041,6.69709436,7.163910446,,,,TRUE,,TRUE,,TRUE,,TRUE,,FALSE,,TRUE
21900,7.183201908,6.828444914,6.473542568,6.77764874,6.785113795,,,,TRUE,,TRUE,,TRUE,,TRUE,,FALSE,,TRUE
21925,7.361578868,6.478801155,6.271577426,6.312174165,6.554554432,,,,TRUE,,TRUE,,TRUE,,TRUE,,FALSE,,TRUE
21950,7.244497796,6.7727152,6.449334937,6.476608073,6.751230273,,,,TRUE,,TRUE,,TRUE,,TRUE,,FALSE,,TRUE
21975,7.179134731,6.711257479,6.696111835,6.459453574,6.712074868,,,,TRUE,,TRUE,,TRUE,,TRUE,,FALSE,,TRUE
22000,7.303912633,7.019589355,6.710241676,6.677002019,6.898657797,,,,TRUE,,TRUE,,TRUE,,TRUE,,FALSE,,TRUE
22025,7.33278194,6.843948445,6.844409002,6.485457639,6.783213294,,,,TRUE,,TRUE,,TRUE,,TRUE,,TRUE,,TRUE
22050,7.616402186,7.234524909,7.070708025,7.01584574,6.93662541,,,,TRUE,,TRUE,,TRUE,,TRUE,,FALSE,,FALSE
22075,7.238594794,7.145079193,6.991770962,6.944806491,7.03763366,,,,TRUE,,TRUE,,TRUE,,TRUE,,FALSE,,TRUE
22100,7.230687718,7.09721243,6.534435753,6.934334455,6.890190613,,,,TRUE,,TRUE,,TRUE,,TRUE,,FALSE,,FALSE
22125,7.508744109,7.158031901,6.790561371,7.039764029,6.830985583,,,,TRUE,,TRUE,,TRUE,,TRUE,,FALSE,,FALSE
22150,7.649903977,7.171240876,6.84472894,7.054054955,6.891439631,,,,TRUE,,TRUE,,TRUE,,TRUE,,FALSE,,FALSE
22175,7.429206355,7.266208691,6.984640245,7.186640004,6.959941737,,,,TRUE,,TRUE,,TRUE,,TRUE,,FALSE,,FALSE
22200,7.361225828,7.090667614,7.173081113,7.140407764,6.962131041,,,,TRUE,,TRUE,,TRUE,,TRUE,,TRUE,,FALSE
22225,7.62762566,7.168770991,7.159689095,6.959406025,6.879681419,,,,TRUE,,TRUE,,TRUE,,TRUE,,FALSE,,FALSE
22250,7.694174034,6.86319167,6.962551962,6.897354592,6.906386858,,,,TRUE,,TRUE,,TRUE,,TRUE,,TRUE,,TRUE
22275,7.292300172,6.962276908,6.953135152,6.963180708,6.839958669,,,,TRUE,,TRUE,,TRUE,,TRUE,,FALSE,,FALSE
22300,7.297870189,6.998460626,6.962100292,7.164857329,6.937452618,,,,TRUE,,TRUE,,TRUE,,TRUE,,FALSE,,FALSE
22325,7.449608287,7.013062325,6.906910758,7.113473935,6.768079837,,,,TRUE,,TRUE,,TRUE,,TRUE,,FALSE,,FALSE
22350,7.384255725,6.766551131,7.013654213,6.939425624,6.939835652,,,,TRUE,,TRUE,,TRUE,,TRUE,,TRUE,,TRUE
22375,7.297550065,6.653169398,6.953100808,7.063397533,6.921734183,,,,TRUE,,TRUE,,TRUE,,TRUE,,TRUE,,FALSE
22400,7.152473532,6.707895767,7.038698935,6.860565705,6.78630274,,,,TRUE,,TRUE,,TRUE,,TRUE,,TRUE,,FALSE
22425,7.046064236,6.821654517,6.995524308,6.99282628,6.735380266,,,,TRUE,,TRUE,,TRUE,,TRUE,,TRUE,,FALSE
22450,7.071529569,6.836023998,6.81267232,6.707589707,6.818146971,,,,TRUE,,TRUE,,TRUE,,TRUE,,FALSE,,TRUE
22475,7.026446377,6.99365579,7.016913088,6.832181016,6.600894098,,,,TRUE,,TRUE,,TRUE,,TRUE,,TRUE,,FALSE
22500,6.970684296,6.946730249,6.913441834,6.913435299,6.918616943,,,,TRUE,,TRUE,,TRUE,,TRUE,,FALSE,,TRUE
22525,7.109109407,6.643407821,6.807549606,6.821150928,6.835872517,,,,TRUE,,TRUE,,TRUE,,TRUE,,TRUE,,TRUE
22550,6.839972422,6.706512511,6.759904402,6.662133239,6.678242084,,,,TRUE,,TRUE,,TRUE,,TRUE,,TRUE,,TRUE
22575,6.7773658,6.665319721,6.895727303,6.796199247,6.659964673,,,,TRUE,,FALSE,,FALSE,,TRUE,,TRUE,,FALSE
22600,7.073925577,6.697832431,6.594373992,6.795492255,6.658475889,,,,TRUE,,TRUE,,TRUE,,TRUE,,FALSE,,FALSE
22625,7.125654641,6.559940069,6.857939769,6.668773349,6.742377771,,,,TRUE,,TRUE,,TRUE,,TRUE,,TRUE,,TRUE
22650,6.945851834,6.946985066,6.895766535,6.824911704,6.717302985,,,,FALSE,,TRUE,,TRUE,,TRUE,,FALSE,,FALSE
22675,6.910466525,6.609412085,6.722316959,6.562097929,6.645681053,,,,TRUE,,TRUE,,TRUE,,TRUE,,TRUE,,TRUE
22700,6.700920234,6.448268643,6.716742501,6.423282546,6.54895989,,,,TRUE,,FALSE,,TRUE,,TRUE,,TRUE,,TRUE
22725,6.876905536,6.58162713,6.547331173,6.60067401,6.679990728,,,,TRUE,,TRUE,,TRUE,,TRUE,,FALSE,,TRUE
22750,6.83509608,6.618706672,6.714164617,6.771562975,6.661436313,,,,TRUE,,TRUE,,TRUE,,TRUE,,TRUE,,FALSE
22775,7.177272641,6.575223339,6.618268957,6.848787826,6.630435864,,,,TRUE,,TRUE,,TRUE,,TRUE,,TRUE,,FALSE
22800,7.24065096,6.658859843,6.672670955,6.902891779,6.756645569,,,,TRUE,,TRUE,,TRUE,,TRUE,,TRUE,,FALSE
22825,7.068624285,6.780143264,6.473291282,6.709734744,6.557036364,,,,TRUE,,TRUE,,TRUE,,TRUE,,FALSE,,FALSE
22850,7.016764193,6.479026373,6.434683999,6.734278685,6.576691246,,,,TRUE,,TRUE,,TRUE,,TRUE,,FALSE,,FALSE
22875,6.989360419,6.876288193,6.571736981,6.737069941,6.586541344,,,,TRUE,,TRUE,,TRUE,,TRUE,,FALSE,,FALSE
22900,7.098745293,6.72892606,6.635528576,6.732817152,6.74065704,,,,TRUE,,TRUE,,TRUE,,TRUE,,FALSE,,TRUE
22925,7.185475595,6.813507418,6.628746382,6.619549555,6.693155451,,,,TRUE,,TRUE,,TRUE,,TRUE,,FALSE,,TRUE
22950,6.852935684,6.978598361,6.580890303,6.48026607,6.539080405,,,,FALSE,,TRUE,,TRUE,,TRUE,,FALSE,,TRUE
22975,6.953214117,6.687018765,6.5885965,6.294346529,6.536976241,,,,TRUE,,TRUE,,TRUE,,TRUE,,FALSE,,TRUE
23000,6.938778969,6.532030696,6.48059392,6.313174947,6.326099576,,,,TRUE,,TRUE,,TRUE,,TRUE,,FALSE,,TRUE
23025,6.690339875,6.484183253,6.244243308,6.232693288,6.452404792,,,,TRUE,,TRUE,,TRUE,,TRUE,,FALSE,,TRUE
23050,6.591870374,6.687394471,6.275582051,6.254756935,6.444472161,,,,FALSE,,TRUE,,TRUE,,TRUE,,FALSE,,TRUE
23075,6.947321828,6.398859995,6.343305126,6.110877895,6.327162337,,,,TRUE,,TRUE,,TRUE,,TRUE,,FALSE,,TRUE
23100,7.005797622,6.488704809,6.409861309,6.226328419,6.40603791,,,,TRUE,,TRUE,,TRUE,,TRUE,,FALSE,,TRUE
23125,6.694374963,6.606582071,6.52457802,6.261783994,6.453874568,,,,TRUE,,TRUE,,TRUE,,TRUE,,FALSE,,TRUE
23150,6.855215715,6.755282957,6.602638591,6.390642047,6.334142186,,,,TRUE,,TRUE,,TRUE,,TRUE,,FALSE,,FALSE
23175,6.877217534,6.618865174,6.490932384,6.414158483,6.371531782,,,,TRUE,,TRUE,,TRUE,,TRUE,,FALSE,,FALSE
23200,6.73482425,6.401241951,6.483034799,6.30868128,6.357890489,,,,TRUE,,TRUE,,TRUE,,TRUE,,TRUE,,TRUE
23225,6.661505075,6.432146418,6.640051437,6.550409635,6.324351651,,,,TRUE,,TRUE,,TRUE,,TRUE,,TRUE,,FALSE
23250,6.968738797,6.566601673,6.683299955,6.45348133,6.463071449,,,,TRUE,,TRUE,,TRUE,,TRUE,,TRUE,,TRUE
23275,6.887254715,6.594620952,6.694084954,6.489202857,6.580664965,,,,TRUE,,TRUE,,TRUE,,TRUE,,TRUE,,TRUE
23300,6.647335147,6.569424602,6.399518207,6.448708678,6.655024236,,,,TRUE,,TRUE,,TRUE,,FALSE,,FALSE,,TRUE
23325,6.790377483,6.587104126,6.470014562,6.449741289,6.615136245,,,,TRUE,,TRUE,,TRUE,,TRUE,,FALSE,,TRUE
23350,6.929360534,6.470553091,6.521592018,6.61767662,6.631956365,,,,TRUE,,TRUE,,TRUE,,TRUE,,TRUE,,TRUE
23375,6.771793815,6.64407485,6.449729293,6.463358539,6.433870876,,,,TRUE,,TRUE,,TRUE,,TRUE,,FALSE,,FALSE
23400,6.498511122,6.50195173,6.559766695,6.401782927,6.44096124,,,,FALSE,,FALSE,,TRUE,,TRUE,,TRUE,,TRUE
23425,6.596881011,6.309389924,6.408051161,6.478299259,6.318235576,,,,TRUE,,TRUE,,TRUE,,TRUE,,TRUE,,FALSE
23450,6.554001329,6.430252197,6.357579968,6.453302391,6.264283596,,,,TRUE,,TRUE,,TRUE,,TRUE,,FALSE,,FALSE
23475,6.406894245,6.149878807,6.396607765,6.118922978,6.22064356,,,,TRUE,,TRUE,,TRUE,,TRUE,,TRUE,,TRUE
23500,6.6004051,6.17052694,6.186216681,6.215640879,6.311036243,,,,TRUE,,TRUE,,TRUE,,TRUE,,TRUE,,TRUE
23525,6.552723686,6.237613461,6.527201603,6.455047735,6.220769769,,,,TRUE,,TRUE,,TRUE,,TRUE,,TRUE,,FALSE
23550,6.609124311,6.361670161,6.497390608,6.451626211,6.079019803,,,,TRUE,,TRUE,,TRUE,,TRUE,,TRUE,,FALSE
23575,6.534909868,6.240728881,6.216901399,6.366733866,6.168530424,,,,TRUE,,TRUE,,TRUE,,TRUE,,FALSE,,FALSE
23600,6.674062729,6.2538876,6.309744425,6.144840319,6.403538283,,,,TRUE,,TRUE,,TRUE,,TRUE,,TRUE,,TRUE
23625,6.729001405,6.26898936,6.331478869,6.18910603,6.371239012,,,,TRUE,,TRUE,,TRUE,,TRUE,,TRUE,,TRUE
23650,6.665114343,6.304947467,6.258656812,6.186032501,6.294671563,,,,TRUE,,TRUE,,TRUE,,TRUE,,FALSE,,TRUE
23675,6.540723514,6.528075945,6.445929313,6.189506018,6.283184552,,,,TRUE,,TRUE,,TRUE,,TRUE,,FALSE,,TRUE
23700,6.441511076,6.378793543,6.274512357,6.158127158,6.281472965,,,,TRUE,,TRUE,,TRUE,,TRUE,,FALSE,,TRUE
23725,6.558313942,6.348765702,6.260168177,6.23559425,6.244387281,,,,TRUE,,TRUE,,TRUE,,TRUE,,FALSE,,TRUE
23750,6.654882533,6.40066636,6.434879411,6.288291368,6.093098202,,,,TRUE,,TRUE,,TRUE,,TRUE,,TRUE,,FALSE
23775,6.63042215,6.287923984,6.442785245,6.074334477,6.168026005,,,,TRUE,,TRUE,,TRUE,,TRUE,,TRUE,,TRUE
23800,6.595610482,6.46076413,6.124881461,6.253659872,6.319599136,,,,TRUE,,TRUE,,TRUE,,TRUE,,FALSE,,TRUE
23825,6.391276255,6.146284844,6.206173882,6.148180102,6.038181466,,,,TRUE,,TRUE,,TRUE,,TRUE,,TRUE,,FALSE
23850,6.402810958,6.220626123,6.326362995,6.156278663,6.413056794,,,,TRUE,,TRUE,,TRUE,,FALSE,,TRUE,,TRUE
23875,6.705700509,6.205957535,6.116344075,6.158294915,6.408730164,,,,TRUE,,TRUE,,TRUE,,TRUE,,FALSE,,TRUE
23900,6.608211558,5.905169988,6.055821443,6.039750313,6.372939165,,,,TRUE,,TRUE,,TRUE,,TRUE,,TRUE,,TRUE
23925,6.392384608,6.056748989,6.13077114,6.205249523,6.37623998,,,,TRUE,,TRUE,,TRUE,,TRUE,,TRUE,,TRUE
23950,6.834253615,6.248479324,6.279029695,6.323188362,6.444342956,,,,TRUE,,TRUE,,TRUE,,TRUE,,TRUE,,TRUE
23975,6.831909607,6.357147951,6.377120761,6.376169359,6.392574717,,,,TRUE,,TRUE,,TRUE,,TRUE,,TRUE,,TRUE
24000,6.601138341,6.529243304,6.513709103,6.454658621,6.491512075,,,,TRUE,,TRUE,,TRUE,,TRUE,,FALSE,,TRUE
24025,6.50610384,6.451503274,6.205396668,6.287156236,6.361152657,,,,TRUE,,TRUE,,TRUE,,TRUE,,FALSE,,TRUE
24050,6.686195981,6.290351284,6.197802811,6.11788505,6.449094974,,,,TRUE,,TRUE,,TRUE,,TRUE,,FALSE,,TRUE
24075,6.630337681,6.233561058,6.341470491,6.238635122,6.441872492,,,,TRUE,,TRUE,,TRUE,,TRUE,,TRUE,,TRUE
24100,6.636981073,6.193377732,6.336019722,6.358869665,6.339114792,,,,TRUE,,TRUE,,TRUE,,TRUE,,TRUE,,FALSE
24125,6.775116218,6.325359955,6.253097962,6.147526487,6.262286539,,,,TRUE,,TRUE,,TRUE,,TRUE,,FALSE,,TRUE
24150,6.666466132,6.252448865,6.436649211,6.192563728,6.433572199,,,,TRUE,,TRUE,,TRUE,,TRUE,,TRUE,,TRUE
24175,6.71569489,6.332742462,6.395288741,6.318444924,6.326495864,,,,TRUE,,TRUE,,TRUE,,TRUE,,TRUE,,TRUE
24200,6.575278799,6.198884158,6.320428448,6.297497892,6.428113931,,,,TRUE,,TRUE,,TRUE,,TRUE,,TRUE,,TRUE
24225,6.661557594,6.376417266,6.484707082,6.269409646,6.279118838,,,,TRUE,,TRUE,,TRUE,,TRUE,,TRUE,,TRUE
24250,6.516184258,6.383429979,6.420682249,6.184647918,6.341019814,,,,TRUE,,TRUE,,TRUE,,TRUE,,TRUE,,TRUE
24275,6.383868844,6.207941773,6.399570844,6.333957823,6.313704614,,,,TRUE,,FALSE,,TRUE,,TRUE,,TRUE,,FALSE
24300,6.528656844,6.303674707,6.369990267,6.275603688,6.265434745,,,,TRUE,,TRUE,,TRUE,,TRUE,,TRUE,,FALSE
24325,6.472450486,6.254127797,6.219794766,6.121531257,6.325246628,,,,TRUE,,TRUE,,TRUE,,TRUE,,FALSE,,TRUE
24350,6.524573749,6.136740193,6.071564181,6.281031477,6.31002942,,,,TRUE,,TRUE,,TRUE,,TRUE,,FALSE,,TRUE
24375,6.541653942,6.141489081,6.178239596,6.101099391,6.20102601,,,,TRUE,,TRUE,,TRUE,,TRUE,,TRUE,,TRUE
24400,6.562205113,6.402353201,6.352127261,6.184338434,6.158379123,,,,TRUE,,TRUE,,TRUE,,TRUE,,FALSE,,FALSE
24425,6.298311863,6.287556901,6.044179477,6.204170023,6.131672679,,,,TRUE,,TRUE,,TRUE,,TRUE,,FALSE,,FALSE
24450,6.457974587,6.21627123,6.132473228,6.294624467,6.071109706,,,,TRUE,,TRUE,,TRUE,,TRUE,,FALSE,,FALSE
24475,6.517330183,6.145850478,6.275706,6.125231153,6.262212755,,,,TRUE,,TRUE,,TRUE,,TRUE,,TRUE,,TRUE
24500,6.529465739,6.06623169,6.077152998,6.26412401,6.05832308,,,,TRUE,,TRUE,,TRUE,,TRUE,,TRUE,,FALSE
24525,6.515633973,6.048610373,6.253520589,6.220000094,6.207541343,,,,TRUE,,TRUE,,TRUE,,TRUE,,TRUE,,FALSE
24550,6.276251633,6.056610602,6.223736078,6.113625605,6.125958902,,,,TRUE,,TRUE,,TRUE,,TRUE,,TRUE,,TRUE
24575,6.639863681,6.289799639,6.146776359,6.411642307,6.222107919,,,,TRUE,,TRUE,,TRUE,,TRUE,,FALSE,,FALSE
24600,6.415912804,6.07017518,6.166982876,6.325722439,6.195853857,,,,TRUE,,TRUE,,TRUE,,TRUE,,TRUE,,FALSE
24625,6.393008535,6.297549382,6.308780744,6.266073418,6.24987651,,,,TRUE,,TRUE,,TRUE,,TRUE,,TRUE,,FALSE
24650,6.561998479,6.22227316,6.335107927,6.146765428,6.210417341,,,,TRUE,,TRUE,,TRUE,,TRUE,,TRUE,,TRUE
24675,6.620086607,6.224684093,6.158136226,6.001111848,6.297576669,,,,TRUE,,TRUE,,TRUE,,TRUE,,FALSE,,TRUE
24700,6.395971134,5.904445566,6.208411959,6.195750691,6.168154089,,,,TRUE,,TRUE,,TRUE,,TRUE,,TRUE,,FALSE
24725,6.431670077,6.050732718,6.031309943,6.175029275,6.114308278,,,,TRUE,,TRUE,,TRUE,,TRUE,,FALSE,,FALSE
24750,6.337640614,5.835484308,6.079925759,6.21198313,6.153652352,,,,TRUE,,TRUE,,TRUE,,TRUE,,TRUE,,FALSE
24775,6.503425638,5.931442064,6.181763619,6.111736781,6.158955561,,,,TRUE,,TRUE,,TRUE,,TRUE,,TRUE,,TRUE
24800,6.434651799,6.076986336,6.278922639,6.277589273,6.147779085,,,,TRUE,,TRUE,,TRUE,,TRUE,,TRUE,,FALSE
24825,6.483933521,6.241539583,6.266744106,6.413412779,6.069242949,,,,TRUE,,TRUE,,TRUE,,TRUE,,TRUE,,FALSE
24850,6.434746714,6.249454994,6.184968499,6.282600158,6.258113481,,,,TRUE,,TRUE,,TRUE,,TRUE,,FALSE,,FALSE
24875,6.306013344,5.946987517,5.868068925,6.102234613,6.27935857,,,,TRUE,,TRUE,,TRUE,,TRUE,,FALSE,,TRUE
24900,6.50660075,6.165917056,6.187012875,6.34037787,6.269413621,,,,TRUE,,TRUE,,TRUE,,TRUE,,TRUE,,FALSE
24925,6.480607122,6.332182485,6.322961522,6.269532519,6.294534892,,,,TRUE,,TRUE,,TRUE,,TRUE,,FALSE,,TRUE
24950,6.595703044,6.212877425,6.265870103,6.09627843,6.195514862,,,,TRUE,,TRUE,,TRUE,,TRUE,,TRUE,,TRUE
24975,6.527563239,6.310704823,6.162822491,6.282847034,6.239149762,,,,TRUE,,TRUE,,TRUE,,TRUE,,FALSE,,FALSE
25000,6.509739693,6.107692574,6.008589952,6.338088198,6.187088991,,,,TRUE,,TRUE,,TRUE,,TRUE,,FALSE,,FALSE
25025,6.518997665,5.942197652,6.143178685,6.134019563,6.131979702,,,,TRUE,,TRUE,,TRUE,,TRUE,,TRUE,,FALSE
25050,6.821044168,6.002832292,6.329491478,6.163576298,6.223146036,,,,TRUE,,TRUE,,TRUE,,TRUE,,TRUE,,TRUE
25075,6.442706719,6.089136173,6.17437682,6.222378346,6.100550956,,,,TRUE,,TRUE,,TRUE,,TRUE,,TRUE,,FALSE
25100,6.42468941,5.91686405,5.895785044,6.127621462,6.177821714,,,,TRUE,,TRUE,,TRUE,,TRUE,,FALSE,,TRUE
25125,6.520690213,6.162906455,5.961957402,6.033164015,6.264906468,,,,TRUE,,TRUE,,TRUE,,TRUE,,FALSE,,TRUE
25150,6.884889337,6.213310759,6.312888089,6.244849323,6.322234201,,,,TRUE,,TRUE,,TRUE,,TRUE,,TRUE,,TRUE
25175,6.468858679,6.006600135,6.126616262,6.256099873,6.201655982,,,,TRUE,,TRUE,,TRUE,,TRUE,,TRUE,,FALSE
25200,6.332781781,5.941527819,6.077120903,6.183340656,6.231808717,,,,TRUE,,TRUE,,TRUE,,TRUE,,TRUE,,TRUE
25225,6.724653825,6.059622737,6.236608514,6.278824371,6.477902298,,,,TRUE,,TRUE,,TRUE,,TRUE,,TRUE,,TRUE
25250,6.63385933,6.033302127,6.258720532,6.286868673,6.137421367,,,,TRUE,,TRUE,,TRUE,,TRUE,,TRUE,,FALSE
25275,6.542797119,5.965371121,6.147103593,6.146238273,6.050115849,,,,TRUE,,TRUE,,TRUE,,TRUE,,TRUE,,FALSE
25300,6.615080554,6.076861699,6.166354929,6.017564933,6.1300312,,,,TRUE,,TRUE,,TRUE,,TRUE,,TRUE,,TRUE
25325,6.606528464,6.142220043,6.425700545,6.110025461,6.283997746,,,,TRUE,,TRUE,,TRUE,,TRUE,,TRUE,,TRUE
25350,6.597123495,6.172870731,6.295607944,6.108425676,6.151524997,,,,TRUE,,TRUE,,TRUE,,TRUE,,TRUE,,TRUE
25375,6.46972252,6.141450789,6.146997687,6.130852921,6.249072039,,,,TRUE,,TRUE,,TRUE,,TRUE,,TRUE,,TRUE
25400,6.464428111,5.946428185,5.947352193,6.147108233,6.165658166,,,,TRUE,,TRUE,,TRUE,,TRUE,,TRUE,,TRUE
25425,6.398041712,6.155444437,6.092760322,6.163131363,6.130902901,,,,TRUE,,TRUE,,TRUE,,TRUE,,FALSE,,FALSE
25450,6.482229432,6.130330091,6.50984743,6.318402573,6.233878632,,,,TRUE,,FALSE,,TRUE,,TRUE,,TRUE,,FALSE
25475,6.435850325,5.973795719,6.246873731,6.258590369,6.171773171,,,,TRUE,,TRUE,,TRUE,,TRUE,,TRUE,,FALSE
25500,6.69316997,6.163655342,6.206522487,6.287728108,6.19134739,,,,TRUE,,TRUE,,TRUE,,TRUE,,TRUE,,FALSE
25525,6.654878207,6.145316613,6.354235321,6.160935123,6.250800063,,,,TRUE,,TRUE,,TRUE,,TRUE,,TRUE,,TRUE
25550,6.599793221,6.135277351,6.125650273,6.282202425,6.295117892,,,,TRUE,,TRUE,,TRUE,,TRUE,,FALSE,,TRUE
25575,6.522176243,6.099010157,6.150419126,6.124749732,6.144919339,,,,TRUE,,TRUE,,TRUE,,TRUE,,TRUE,,TRUE
25600,6.552883144,6.037586176,6.314762244,6.164762407,6.102261891,,,,TRUE,,TRUE,,TRUE,,TRUE,,TRUE,,FALSE
25625,6.559931708,6.078877375,6.196843475,6.397154416,6.209812758,,,,TRUE,,TRUE,,TRUE,,TRUE,,TRUE,,FALSE
25650,6.458008656,6.081109672,6.141757892,6.315320715,6.114435221,,,,TRUE,,TRUE,,TRUE,,TRUE,,TRUE,,FALSE
25675,6.376949033,5.940722493,6.188311487,6.156256668,5.932340534,,,,TRUE,,TRUE,,TRUE,,TRUE,,TRUE,,FALSE
25700,6.267222627,5.960765063,6.001133999,6.173802996,5.983618692,,,,TRUE,,TRUE,,TRUE,,TRUE,,TRUE,,FALSE
25725,6.288037532,5.933396503,6.111679157,6.059654944,6.047438984,,,,TRUE,,TRUE,,TRUE,,TRUE,,TRUE,,FALSE
25750,6.353943189,6.117957116,6.141445302,6.096329997,6.021519133,,,,TRUE,,TRUE,,TRUE,,TRUE,,TRUE,,FALSE
25775,6.43118817,6.105474713,5.861867514,5.923940087,6.134390085,,,,TRUE,,TRUE,,TRUE,,TRUE,,FALSE,,TRUE
25800,6.503153973,6.094103252,5.831087267,5.897304554,6.112553796,,,,TRUE,,TRUE,,TRUE,,TRUE,,FALSE,,TRUE
25825,6.362966908,6.094376129,6.145132002,5.973297339,6.216182896,,,,TRUE,,TRUE,,TRUE,,TRUE,,TRUE,,TRUE
25850,6.441634636,6.062903543,6.099734113,6.145849366,6.17706942,,,,TRUE,,TRUE,,TRUE,,TRUE,,TRUE,,TRUE
25875,6.504188285,6.19377856,6.128946502,6.280977274,5.9459774,,,,TRUE,,TRUE,,TRUE,,TRUE,,FALSE,,FALSE
25900,6.626813954,6.101583055,6.312634049,6.265401236,6.213372215,,,,TRUE,,TRUE,,TRUE,,TRUE,,TRUE,,FALSE
25925,6.435113984,6.262139443,6.320409342,6.188854666,6.199752101,,,,TRUE,,TRUE,,TRUE,,TRUE,,TRUE,,TRUE
25950,6.488706233,6.065373841,6.188467057,6.127435096,6.181111949,,,,TRUE,,TRUE,,TRUE,,TRUE,,TRUE,,TRUE
25975,6.475698462,5.97402197,6.22838317,6.140350038,6.124479286,,,,TRUE,,TRUE,,TRUE,,TRUE,,TRUE,,FALSE
26000,6.388321921,6.078051085,6.211085051,6.26064796,6.295712072,,,,TRUE,,TRUE,,TRUE,,TRUE,,TRUE,,TRUE
26025,6.600183736,5.972942698,6.244144092,6.307983783,6.270792132,,,,TRUE,,TRUE,,TRUE,,TRUE,,TRUE,,FALSE
26050,6.357831587,6.056214374,6.177655627,6.164143654,6.106775372,,,,TRUE,,TRUE,,TRUE,,TRUE,,TRUE,,FALSE
26075,6.414859241,6.191527148,6.296720927,6.228820251,6.266148821,,,,TRUE,,TRUE,,TRUE,,TRUE,,TRUE,,TRUE
26100,6.487234738,6.251114227,6.283144158,6.300423286,6.090472089,,,,TRUE,,TRUE,,TRUE,,TRUE,,TRUE,,FALSE
26125,6.593112167,6.253510504,6.211227502,6.323057415,6.222536421,,,,TRUE,,TRUE,,TRUE,,TRUE,,FALSE,,FALSE
26150,6.526871478,6.193431854,6.301001255,6.270708244,6.225090781,,,,TRUE,,TRUE,,TRUE,,TRUE,,TRUE,,FALSE
26175,6.416943537,6.183718258,6.374220648,6.335664556,6.403087132,,,,TRUE,,TRUE,,TRUE,,TRUE,,TRUE,,TRUE
26200,6.633731967,6.388946072,6.235776318,6.242235769,6.162881015,,,,TRUE,,TRUE,,TRUE,,TRUE,,FALSE,,FALSE
26225,6.558077277,6.241702623,6.346998938,6.072752959,6.123172764,,,,TRUE,,TRUE,,TRUE,,TRUE,,TRUE,,TRUE
26250,6.400799407,6.047959547,6.234981038,6.118819374,6.085490204,,,,TRUE,,TRUE,,TRUE,,TRUE,,TRUE,,FALSE
26275,6.317232061,6.108038447,6.190657882,6.240498644,6.082346959,,,,TRUE,,TRUE,,TRUE,,TRUE,,TRUE,,FALSE
26300,6.486000833,6.217976105,6.158443919,6.111215727,6.339126585,,,,TRUE,,TRUE,,TRUE,,TRUE,,FALSE,,TRUE
26325,6.437650019,6.133536668,6.247615282,6.146992461,6.319244138,,,,TRUE,,TRUE,,TRUE,,TRUE,,TRUE,,TRUE
26350,6.383262406,6.193019728,6.205518403,6.2840409,6.212419912,,,,TRUE,,TRUE,,TRUE,,TRUE,,TRUE,,FALSE
26375,6.418159917,6.244455617,6.280923298,6.148233694,6.285725094,,,,TRUE,,TRUE,,TRUE,,TRUE,,TRUE,,TRUE
26400,6.27696483,6.124410806,6.251190769,6.223895421,6.279856307,,,,TRUE,,TRUE,,TRUE,,FALSE,,TRUE,,TRUE
26425,6.306111941,5.984658488,6.285300675,6.278734732,6.268052817,,,,TRUE,,TRUE,,TRUE,,TRUE,,TRUE,,FALSE
26450,6.586762731,6.12709198,6.276459732,6.175388187,6.153842071,,,,TRUE,,TRUE,,TRUE,,TRUE,,TRUE,,FALSE
26475,6.506219458,6.153527339,6.104664302,6.142315162,6.081532303,,,,TRUE,,TRUE,,TRUE,,TRUE,,FALSE,,FALSE
26500,6.280622494,5.968950251,6.056610242,6.058377223,6.087574069,,,,TRUE,,TRUE,,TRUE,,TRUE,,TRUE,,TRUE
26525,6.35116598,6.021696927,6.050060106,5.958538235,6.16120957,,,,TRUE,,TRUE,,TRUE,,TRUE,,TRUE,,TRUE
26550,6.352460507,6.004197652,5.932293456,5.947873006,6.037872646,,,,TRUE,,TRUE,,TRUE,,TRUE,,FALSE,,TRUE
26575,6.399187083,5.885241492,6.016522122,5.963538899,6.046337497,,,,TRUE,,TRUE,,TRUE,,TRUE,,TRUE,,TRUE
26600,6.332504753,6.042457852,6.046169563,6.05013601,6.005903992,,,,TRUE,,TRUE,,TRUE,,TRUE,,TRUE,,FALSE
26625,6.395340947,6.067626429,5.852017096,6.08564622,6.105014723,,,,TRUE,,TRUE,,TRUE,,TRUE,,FALSE,,TRUE
26650,6.399919684,6.053751157,5.969814882,6.066231954,6.039753534,,,,TRUE,,TRUE,,TRUE,,TRUE,,FALSE,,FALSE
26675,6.281154904,5.84160523,5.849064747,6.004938065,5.903526732,,,,TRUE,,TRUE,,TRUE,,TRUE,,TRUE,,FALSE
26700,6.280315162,5.777686687,5.862081917,5.94659873,5.950744122,,,,TRUE,,TRUE,,TRUE,,TRUE,,TRUE,,TRUE
26725,6.224696772,5.838575253,5.838983629,5.902244187,5.914797631,,,,TRUE,,TRUE,,TRUE,,TRUE,,TRUE,,TRUE
26750,6.330334934,5.939664755,5.961515282,5.876353331,5.953121948,,,,TRUE,,TRUE,,TRUE,,TRUE,,TRUE,,TRUE
26775,6.274412195,5.968825438,5.939721065,6.016137724,5.827517571,,,,TRUE,,TRUE,,TRUE,,TRUE,,FALSE,,FALSE
26800,6.314530311,5.944502187,5.99938272,5.941093363,5.858394926,,,,TRUE,,TRUE,,TRUE,,TRUE,,TRUE,,FALSE
26825,6.288836217,5.929782591,6.088327803,5.969296988,5.960423399,,,,TRUE,,TRUE,,TRUE,,TRUE,,TRUE,,FALSE
26850,6.326395556,6.015182133,5.929116395,6.013081798,6.003492315,,,,TRUE,,TRUE,,TRUE,,TRUE,,FALSE,,FALSE
26875,6.35996263,6.082588002,6.047399341,5.837794132,5.862051943,,,,TRUE,,TRUE,,TRUE,,TRUE,,FALSE,,TRUE
26900,6.272291553,5.946227191,5.982435142,5.862620244,5.87289028,,,,TRUE,,TRUE,,TRUE,,TRUE,,TRUE,,TRUE
26925,6.422121072,6.154990813,5.95716833,6.019804114,6.059277182,,,,TRUE,,TRUE,,TRUE,,TRUE,,FALSE,,TRUE
26950,6.418362928,6.075182596,5.892748348,6.029739738,5.851680093,,,,TRUE,,TRUE,,TRUE,,TRUE,,FALSE,,FALSE
26975,6.206103739,5.899539454,5.936486041,5.926003783,5.987265699,,,,TRUE,,TRUE,,TRUE,,TRUE,,TRUE,,TRUE
27000,6.18114693,5.866985959,5.933693508,5.905781744,5.836409665,,,,TRUE,,TRUE,,TRUE,,TRUE,,TRUE,,FALSE
27025,6.1279932,5.950228872,5.969509988,5.912346869,5.710649709,,,,TRUE,,TRUE,,TRUE,,TRUE,,TRUE,,FALSE
27050,6.199700711,5.848609638,5.949507492,6.008516593,5.837969142,,,,TRUE,,TRUE,,TRUE,,TRUE,,TRUE,,FALSE
27075,6.259192102,5.867023997,5.895103543,6.102759783,5.882023626,,,,TRUE,,TRUE,,TRUE,,TRUE,,TRUE,,FALSE
27100,6.45318513,5.904985811,6.007362243,5.98168046,5.949925237,,,,TRUE,,TRUE,,TRUE,,TRUE,,TRUE,,FALSE
27125,6.249799746,6.053757906,5.987503753,6.048314755,5.8741859,,,,TRUE,,TRUE,,TRUE,,TRUE,,FALSE,,FALSE
27150,6.381714661,5.841924354,6.058150028,5.983086062,5.884730963,,,,TRUE,,TRUE,,TRUE,,TRUE,,TRUE,,FALSE
27175,6.109678538,5.877565993,6.012951419,5.824156781,5.925170674,,,,TRUE,,TRUE,,TRUE,,TRUE,,TRUE,,TRUE
27200,6.190414847,6.002062183,6.085967356,5.808246231,5.977793781,,,,TRUE,,TRUE,,TRUE,,TRUE,,TRUE,,TRUE
27225,6.207680522,6.026172622,6.172549469,5.817689174,5.904698138,,,,TRUE,,TRUE,,TRUE,,TRUE,,TRUE,,TRUE
27250,6.157734139,5.948271526,5.90075223,5.949455653,5.868211056,,,,TRUE,,TRUE,,TRUE,,TRUE,,FALSE,,FALSE
27275,6.000031912,6.007494741,5.853257867,5.899768623,5.767186531,,,,FALSE,,TRUE,,TRUE,,TRUE,,FALSE,,FALSE
27300,6.078911429,6.015432163,5.9134461,5.878368342,5.883227921,,,,TRUE,,TRUE,,TRUE,,TRUE,,FALSE,,TRUE
27325,6.264684135,6.07017596,5.973905182,5.912419528,5.882799451,,,,TRUE,,TRUE,,TRUE,,TRUE,,FALSE,,FALSE
27350,6.139576964,5.818727175,6.034884567,5.929005163,5.729981502,,,,TRUE,,TRUE,,TRUE,,TRUE,,TRUE,,FALSE
27375,6.146227556,6.044626462,5.96476589,5.929301996,5.889066985,,,,TRUE,,TRUE,,TRUE,,TRUE,,FALSE,,FALSE
27400,6.079937473,6.032617329,5.970993343,6.048631169,6.077898188,,,,TRUE,,TRUE,,TRUE,,TRUE,,FALSE,,TRUE
27425,6.059342256,5.865118656,5.970158766,6.050904994,5.979061948,,,,TRUE,,TRUE,,TRUE,,TRUE,,TRUE,,FALSE
27450,6.069986066,5.980771565,6.282890744,5.935748649,5.900790511,,,,TRUE,,FALSE,,TRUE,,TRUE,,TRUE,,FALSE
27475,6.298845667,5.757920256,6.159918914,5.833377641,5.77124545,,,,TRUE,,TRUE,,TRUE,,TRUE,,TRUE,,FALSE
27500,6.085887904,5.862455832,6.10856615,5.918493083,5.933891814,,,,TRUE,,FALSE,,TRUE,,TRUE,,TRUE,,TRUE
27525,6.142641406,5.979021107,6.029626245,6.005711153,6.005178732,,,,TRUE,,TRUE,,TRUE,,TRUE,,TRUE,,FALSE
27550,6.305638511,5.952563653,6.04452494,5.972721118,5.978315589,,,,TRUE,,TRUE,,TRUE,,TRUE,,TRUE,,TRUE
27575,6.220762408,5.809000224,5.968021073,5.965429831,5.875220863,,,,TRUE,,TRUE,,TRUE,,TRUE,,TRUE,,FALSE
27600,6.189718881,6.012709722,5.95084009,5.831695197,5.976713737,,,,TRUE,,TRUE,,TRUE,,TRUE,,FALSE,,TRUE
27625,6.092994924,5.914203901,5.928298259,5.926402491,5.909458943,,,,TRUE,,TRUE,,TRUE,,TRUE,,TRUE,,FALSE
27650,6.210436713,5.872690902,5.913654563,5.780603324,5.758887418,,,,TRUE,,TRUE,,TRUE,,TRUE,,TRUE,,FALSE
27675,6.243114511,5.715030511,5.989108179,5.777232051,5.740497476,,,,TRUE,,TRUE,,TRUE,,TRUE,,TRUE,,FALSE
27700,6.089705998,5.703415111,6.181500579,5.893754172,5.749622634,,,,TRUE,,FALSE,,TRUE,,TRUE,,TRUE,,FALSE
27725,6.275749442,5.988486498,5.929905355,5.911239094,5.825759267,,,,TRUE,,TRUE,,TRUE,,TRUE,,FALSE,,FALSE
27750,6.273982547,6.09523996,5.872491356,5.885622635,5.866508396,,,,TRUE,,TRUE,,TRUE,,TRUE,,FALSE,,FALSE
27775,6.139810865,6.001086802,5.937673344,6.105177274,5.674686402,,,,TRUE,,TRUE,,TRUE,,TRUE,,FALSE,,FALSE
27800,6.229142701,5.848935294,6.098457842,6.082769926,5.84956388,,,,TRUE,,TRUE,,TRUE,,TRUE,,TRUE,,FALSE
27825,6.173855143,5.835151094,6.031374808,6.026698496,5.967196789,,,,TRUE,,TRUE,,TRUE,,TRUE,,TRUE,,FALSE
27850,6.473201892,5.928995379,6.029705309,6.090625796,5.907503463,,,,TRUE,,TRUE,,TRUE,,TRUE,,TRUE,,FALSE
27875,6.182390449,5.928983989,6.140620933,6.136664637,6.02231531,,,,TRUE,,TRUE,,TRUE,,TRUE,,TRUE,,FALSE
27900,6.20332596,5.904373778,6.087633384,5.76828769,6.007070208,,,,TRUE,,TRUE,,TRUE,,TRUE,,TRUE,,TRUE
27925,6.315526866,5.855185512,5.964966842,5.724411655,5.894726944,,,,TRUE,,TRUE,,TRUE,,TRUE,,TRUE,,TRUE
27950,6.125050797,5.882842842,5.846898495,5.762756922,5.885135998,,,,TRUE,,TRUE,,TRUE,,TRUE,,FALSE,,TRUE
27975,6.040696555,5.757575995,5.868613209,5.834665415,5.855423062,,,,TRUE,,TRUE,,TRUE,,TRUE,,TRUE,,TRUE
28000,6.029203659,5.712843743,5.855940769,5.744996221,5.972574694,,,,TRUE,,TRUE,,TRUE,,TRUE,,TRUE,,TRUE
28025,6.21100007,5.725488108,5.786094323,5.678446146,5.829663251,,,,TRUE,,TRUE,,TRUE,,TRUE,,TRUE,,TRUE
28050,6.187814413,5.661375213,5.915092372,5.673990668,5.653707651,,,,TRUE,,TRUE,,TRUE,,TRUE,,TRUE,,FALSE
28075,6.170860306,6.003934127,6.021253939,5.736440166,5.809478328,,,,TRUE,,TRUE,,TRUE,,TRUE,,TRUE,,TRUE
28100,6.068584798,6.074835446,5.938938952,5.933908035,5.785904342,,,,FALSE,,TRUE,,TRUE,,TRUE,,FALSE,,FALSE
28125,6.145612651,5.828026905,6.030786136,5.998720161,5.867171807,,,,TRUE,,TRUE,,TRUE,,TRUE,,TRUE,,FALSE
28150,6.194922645,5.925718512,6.124581186,5.906284248,5.959002119,,,,TRUE,,TRUE,,TRUE,,TRUE,,TRUE,,TRUE
28175,6.27455579,5.857617406,6.052609157,5.909117223,6.048023047,,,,TRUE,,TRUE,,TRUE,,TRUE,,TRUE,,TRUE
28200,6.217050717,5.886246812,6.02554799,6.0321145,5.946976127,,,,TRUE,,TRUE,,TRUE,,TRUE,,TRUE,,FALSE
28225,6.255384636,5.85472343,5.974841844,5.938291478,5.89022878,,,,TRUE,,TRUE,,TRUE,,TRUE,,TRUE,,FALSE
28250,6.338112808,5.850340725,5.880966947,5.920406247,5.940742056,,,,TRUE,,TRUE,,TRUE,,TRUE,,TRUE,,TRUE
28275,6.330349322,5.850575942,5.922768064,5.84054606,5.822683443,,,,TRUE,,TRUE,,TRUE,,TRUE,,TRUE,,FALSE
28300,6.297617301,6.007183903,5.923015452,5.99219426,5.839155541,,,,TRUE,,TRUE,,TRUE,,TRUE,,FALSE,,FALSE
28325,6.28601406,5.916464,5.927721026,5.928888847,5.804277501,,,,TRUE,,TRUE,,TRUE,,TRUE,,TRUE,,FALSE
28350,6.132873211,5.865715312,5.815673312,5.882254456,5.769694953,,,,TRUE,,TRUE,,TRUE,,TRUE,,FALSE,,FALSE
28375,6.137598236,5.849141482,5.613425125,5.709025452,5.682375788,,,,TRUE,,TRUE,,TRUE,,TRUE,,FALSE,,FALSE
28400,6.099552302,5.75565563,5.728351947,5.704437171,5.660268134,,,,TRUE,,TRUE,,TRUE,,TRUE,,FALSE,,FALSE
28425,5.942620851,5.786986429,5.877259455,5.827295589,5.729052371,,,,TRUE,,TRUE,,TRUE,,TRUE,,TRUE,,FALSE
28450,5.99101654,5.572434887,5.859017697,5.766836941,5.711324137,,,,TRUE,,TRUE,,TRUE,,TRUE,,TRUE,,FALSE
28475,5.932454518,5.90476067,6.110319068,5.913626965,5.70386249,,,,TRUE,,FALSE,,TRUE,,TRUE,,TRUE,,FALSE
28500,6.023380409,5.737573126,6.075291385,5.841315024,5.630866411,,,,TRUE,,FALSE,,TRUE,,TRUE,,TRUE,,FALSE
28525,6.048294011,5.845150951,5.974529444,5.910154218,5.79767278,,,,TRUE,,TRUE,,TRUE,,TRUE,,TRUE,,FALSE
28550,6.136881031,5.962900736,5.903715586,6.073122367,6.009361592,,,,TRUE,,TRUE,,TRUE,,TRUE,,FALSE,,FALSE
28575,6.144015545,5.878689814,5.960363004,6.065234228,5.919775869,,,,TRUE,,TRUE,,TRUE,,TRUE,,TRUE,,FALSE
28600,6.171273534,5.760534523,5.904647955,5.72558032,5.748347353,,,,TRUE,,TRUE,,TRUE,,TRUE,,TRUE,,TRUE
28625,6.313323084,5.699967147,5.906547002,5.882196376,5.871282268,,,,TRUE,,TRUE,,TRUE,,TRUE,,TRUE,,FALSE
28650,6.134368098,5.826676311,5.809395382,5.944690321,5.840054518,,,,TRUE,,TRUE,,TRUE,,TRUE,,FALSE,,FALSE
28675,6.077604208,5.782150025,5.855593127,5.86350498,5.917185372,,,,TRUE,,TRUE,,TRUE,,TRUE,,TRUE,,TRUE
28700,6.098769267,5.640053047,6.018287297,5.845346122,5.927656849,,,,TRUE,,TRUE,,TRUE,,TRUE,,TRUE,,TRUE
28725,6.129390636,5.933661212,5.858064752,5.81936947,5.906507409,,,,TRUE,,TRUE,,TRUE,,TRUE,,FALSE,,TRUE
28750,6.174451939,5.829119706,5.989393296,5.796152213,5.959432525,,,,TRUE,,TRUE,,TRUE,,TRUE,,TRUE,,TRUE
28775,5.898330781,5.669873024,5.995696286,5.871195687,5.76891713,,,,TRUE,,FALSE,,TRUE,,TRUE,,TRUE,,FALSE
28800,5.978748562,5.670625862,6.045725728,6.011991121,5.911262451,,,,TRUE,,FALSE,,FALSE,,TRUE,,TRUE,,FALSE
28825,5.915193499,5.534928868,5.897866387,5.941027471,5.889088987,,,,TRUE,,TRUE,,FALSE,,TRUE,,TRUE,,FALSE
28850,5.921162857,5.496225509,5.624841481,5.680231041,5.688944388,,,,TRUE,,TRUE,,TRUE,,TRUE,,TRUE,,TRUE
28875,5.822493195,5.475991752,5.836454051,5.559037538,5.791288649,,,,TRUE,,FALSE,,TRUE,,TRUE,,TRUE,,TRUE
28900,5.727919561,5.434679935,5.667450563,5.48964594,5.599362521,,,,TRUE,,TRUE,,TRUE,,TRUE,,TRUE,,TRUE
28925,5.740610455,5.41102653,5.537303364,5.610967746,5.493235942,,,,TRUE,,TRUE,,TRUE,,TRUE,,TRUE,,FALSE
28950,5.709463034,5.492865839,5.530869132,5.467293431,5.583490852,,,,TRUE,,TRUE,,TRUE,,TRUE,,TRUE,,TRUE
28975,5.602476864,5.343799799,5.381973752,5.468227629,5.657437237,,,,TRUE,,TRUE,,TRUE,,FALSE,,TRUE,,TRUE
29000,5.639451443,5.375618301,5.39585053,5.417914187,5.478112494,,,,TRUE,,TRUE,,TRUE,,TRUE,,TRUE,,TRUE
29025,5.87625553,5.471429754,5.51809027,5.450659907,5.443948269,,,,TRUE,,TRUE,,TRUE,,TRUE,,TRUE,,FALSE
29050,5.901218646,5.393974329,5.425589807,5.489987132,5.452523067,,,,TRUE,,TRUE,,TRUE,,TRUE,,TRUE,,FALSE
29075,5.753953683,5.302003507,5.395012929,5.387537912,5.522508051,,,,TRUE,,TRUE,,TRUE,,TRUE,,TRUE,,TRUE
29100,5.655422875,5.331399753,5.385558765,5.327871249,5.262513354,,,,TRUE,,TRUE,,TRUE,,TRUE,,TRUE,,FALSE
29125,5.624233516,5.379930175,5.436828842,5.313244435,5.409313827,,,,TRUE,,TRUE,,TRUE,,TRUE,,TRUE,,TRUE
29150,5.521685954,5.397024581,5.376027422,5.451241865,5.424686342,,,,TRUE,,TRUE,,TRUE,,TRUE,,FALSE,,FALSE
29175,5.531564827,5.338426866,5.345557213,5.390773201,5.279153697,,,,TRUE,,TRUE,,TRUE,,TRUE,,TRUE,,FALSE
29200,5.508622174,5.222977209,5.393955787,5.272622917,5.234596842,,,,TRUE,,TRUE,,TRUE,,TRUE,,TRUE,,FALSE
29225,5.44793791,5.215007533,5.124352964,5.364307752,5.150301573,,,,TRUE,,TRUE,,TRUE,,TRUE,,FALSE,,FALSE
29250,5.581331918,5.393814664,5.237520111,5.354872314,5.233437348,,,,TRUE,,TRUE,,TRUE,,TRUE,,FALSE,,FALSE
29275,5.710378182,5.349704631,5.32509567,5.241339866,5.197733392,,,,TRUE,,TRUE,,TRUE,,TRUE,,FALSE,,FALSE
29300,5.496861411,5.143233132,5.242256597,5.13163365,5.199550194,,,,TRUE,,TRUE,,TRUE,,TRUE,,TRUE,,TRUE
29325,5.467424752,5.172719055,5.312104329,5.296273053,5.209832233,,,,TRUE,,TRUE,,TRUE,,TRUE,,TRUE,,FALSE
29350,5.63008004,5.258914824,5.352931809,5.196253559,5.216832921,,,,TRUE,,TRUE,,TRUE,,TRUE,,TRUE,,TRUE
29375,5.579700325,5.150141513,5.412637675,5.369314532,5.230229606,,,,TRUE,,TRUE,,TRUE,,TRUE,,TRUE,,FALSE
29400,5.521948316,5.250087985,5.391874019,5.323892142,5.305968638,,,,TRUE,,TRUE,,TRUE,,TRUE,,TRUE,,FALSE
29425,5.523631979,5.195356512,5.3704885,5.212247101,5.288463996,,,,TRUE,,TRUE,,TRUE,,TRUE,,TRUE,,TRUE
29450,5.671619865,5.375784716,5.24812775,5.31472591,5.143346759,,,,TRUE,,TRUE,,TRUE,,TRUE,,FALSE,,FALSE
29475,5.548909353,5.320483785,5.208391863,5.322824471,5.221598751,,,,TRUE,,TRUE,,TRUE,,TRUE,,FALSE,,FALSE
29500,5.462358905,5.133722833,5.165393053,5.3603484,5.13072441,,,,TRUE,,TRUE,,TRUE,,TRUE,,TRUE,,FALSE
29525,5.506828494,5.16973617,5.16529136,5.234284207,5.091943364,,,,TRUE,,TRUE,,TRUE,,TRUE,,FALSE,,FALSE
29550,5.526105609,5.325744348,5.260502708,5.216969228,5.092666665,,,,TRUE,,TRUE,,TRUE,,TRUE,,FALSE,,FALSE
29575,5.605273739,5.3084693,5.287931987,5.204762802,5.192465441,,,,TRUE,,TRUE,,TRUE,,TRUE,,FALSE,,FALSE
29600,5.527941542,5.032110643,5.191740435,5.321742119,5.352291913,,,,TRUE,,TRUE,,TRUE,,TRUE,,TRUE,,TRUE
29625,5.787246372,5.302687621,5.353070983,5.192362456,5.381937982,,,,TRUE,,TRUE,,TRUE,,TRUE,,TRUE,,TRUE
29650,5.882615553,5.381620314,5.395802094,5.414109341,5.437043389,,,,TRUE,,TRUE,,TRUE,,TRUE,,TRUE,,TRUE
29675,5.664631009,5.287415337,5.234120495,5.224537884,5.264127474,,,,TRUE,,TRUE,,TRUE,,TRUE,,FALSE,,TRUE
29700,5.544398766,5.326277115,5.322691037,5.138568273,5.271590155,,,,TRUE,,TRUE,,TRUE,,TRUE,,FALSE,,TRUE
29725,5.635759377,5.414118624,5.263251145,5.219428319,5.255317596,,,,TRUE,,TRUE,,TRUE,,TRUE,,FALSE,,TRUE
29750,5.602900901,5.266172312,5.244740996,5.218176827,5.271852646,,,,TRUE,,TRUE,,TRUE,,TRUE,,FALSE,,TRUE
29775,5.544513934,5.232838792,5.18510191,5.272258694,5.183842517,,,,TRUE,,TRUE,,TRUE,,TRUE,,FALSE,,FALSE
29800,5.547636672,5.148874269,5.340237044,5.126560018,5.152382129,,,,TRUE,,TRUE,,TRUE,,TRUE,,TRUE,,TRUE
29825,5.373881007,5.04893661,5.322116079,5.224084547,5.08377584,,,,TRUE,,TRUE,,TRUE,,TRUE,,TRUE,,FALSE
29850,5.441286036,4.948979818,5.380153593,5.237869131,5.028368824,,,,TRUE,,TRUE,,TRUE,,TRUE,,TRUE,,FALSE
29875,5.453911897,5.134304397,5.276138971,5.215230111,5.141963468,,,,TRUE,,TRUE,,TRUE,,TRUE,,TRUE,,FALSE
29900,5.6471975,5.354108197,5.321275873,5.202010926,5.248594015,,,,TRUE,,TRUE,,TRUE,,TRUE,,FALSE,,TRUE
29925,5.573099969,5.223877666,5.349205502,5.199814397,5.229927218,,,,TRUE,,TRUE,,TRUE,,TRUE,,TRUE,,TRUE
29950,5.468299534,5.127763226,5.180965938,5.215936933,5.258516503,,,,TRUE,,TRUE,,TRUE,,TRUE,,TRUE,,TRUE
29975,5.608812376,5.383773363,5.291822936,5.118804157,5.235386154,,,,TRUE,,TRUE,,TRUE,,TRUE,,FALSE,,TRUE
30000,5.642862468,5.243872709,5.282229613,5.244895515,5.168735793,,,,TRUE,,TRUE,,TRUE,,TRUE,,TRUE,,FALSE
30025,5.489458218,4.9906443,5.101775999,5.172036679,5.200947821,,,,TRUE,,TRUE,,TRUE,,TRUE,,TRUE,,TRUE
30050,5.607954952,5.088420376,5.106614299,5.074345049,5.147249739,,,,TRUE,,TRUE,,TRUE,,TRUE,,TRUE,,TRUE
30075,5.571942462,5.196168934,5.379734091,5.153596694,5.216801117,,,,TRUE,,TRUE,,TRUE,,TRUE,,TRUE,,TRUE
30100,5.476201975,5.188930273,5.363881367,5.279013895,5.203785966,,,,TRUE,,TRUE,,TRUE,,TRUE,,TRUE,,FALSE
30125,5.387265811,5.172393953,5.206918706,5.227208304,5.135053473,,,,TRUE,,TRUE,,TRUE,,TRUE,,TRUE,,FALSE
30150,5.350148051,5.182254584,5.235990987,5.150147709,5.286191525,,,,TRUE,,TRUE,,TRUE,,TRUE,,TRUE,,TRUE
30175,5.577199191,5.180382243,5.309474381,5.174086218,5.270706738,,,,TRUE,,TRUE,,TRUE,,TRUE,,TRUE,,TRUE
30200,5.499749858,5.055401734,5.156168056,5.181410463,5.373427823,,,,TRUE,,TRUE,,TRUE,,TRUE,,TRUE,,TRUE
30225,5.485683433,4.927192066,5.228656581,5.241429114,5.368786116,,,,TRUE,,TRUE,,TRUE,,TRUE,,TRUE,,TRUE
30250,5.513292883,5.053969952,5.246409199,5.221608056,5.284517103,,,,TRUE,,TRUE,,TRUE,,TRUE,,TRUE,,TRUE
30275,5.468498333,5.26717805,5.380244836,5.267045567,5.239731645,,,,TRUE,,TRUE,,TRUE,,TRUE,,TRUE,,FALSE
30300,5.409763167,5.012192393,5.318061669,5.131111836,5.228262838,,,,TRUE,,TRUE,,TRUE,,TRUE,,TRUE,,TRUE
30325,5.470346273,4.987252185,5.087933037,5.113091979,5.153009198,,,,TRUE,,TRUE,,TRUE,,TRUE,,TRUE,,TRUE
30350,5.45689315,5.216614792,5.228756688,5.21160261,5.201233559,,,,TRUE,,TRUE,,TRUE,,TRUE,,TRUE,,FALSE
30375,5.385966861,5.091185575,5.12041198,5.106607919,5.07745245,,,,TRUE,,TRUE,,TRUE,,TRUE,,TRUE,,FALSE
30400,5.441089666,5.138238747,5.218015112,5.169897072,5.196346928,,,,TRUE,,TRUE,,TRUE,,TRUE,,TRUE,,TRUE
30425,5.51561649,5.083921013,5.229048951,5.27319364,5.086006889,,,,TRUE,,TRUE,,TRUE,,TRUE,,TRUE,,FALSE
30450,5.645275284,5.183272718,5.266185761,5.336587333,5.288121998,,,,TRUE,,TRUE,,TRUE,,TRUE,,TRUE,,FALSE
30475,5.656365594,5.242626492,5.161998932,5.23515352,5.292865392,,,,TRUE,,TRUE,,TRUE,,TRUE,,FALSE,,TRUE
30500,5.504325829,5.311519554,5.212960028,5.306039644,5.263626551,,,,TRUE,,TRUE,,TRUE,,TRUE,,FALSE,,FALSE
30525,5.591691941,5.449397404,5.312040088,5.349754579,5.244615441,,,,TRUE,,TRUE,,TRUE,,TRUE,,FALSE,,FALSE
30550,5.550401209,5.330724373,5.394446211,5.206596345,5.418254407,,,,TRUE,,TRUE,,TRUE,,TRUE,,TRUE,,TRUE
30575,5.466674031,5.077104932,5.286548715,5.259080892,5.29255631,,,,TRUE,,TRUE,,TRUE,,TRUE,,TRUE,,TRUE
30600,5.36727171,5.225808041,5.222642766,5.161558431,5.072629715,,,,TRUE,,TRUE,,TRUE,,TRUE,,FALSE,,FALSE
30625,5.50270091,5.243317844,5.223576775,5.238051791,5.079627566,,,,TRUE,,TRUE,,TRUE,,TRUE,,FALSE,,FALSE
30650,5.512209576,5.262631757,5.258372594,5.2377719,5.057745091,,,,TRUE,,TRUE,,TRUE,,TRUE,,FALSE,,FALSE
30675,5.466791057,5.224263776,5.084575355,5.130791552,5.050928199,,,,TRUE,,TRUE,,TRUE,,TRUE,,FALSE,,FALSE
30700,5.623522551,5.145156258,5.165115654,5.33780876,5.134513507,,,,TRUE,,TRUE,,TRUE,,TRUE,,TRUE,,FALSE
30725,5.418564772,5.022217691,5.070026075,5.300981074,5.213965982,,,,TRUE,,TRUE,,TRUE,,TRUE,,TRUE,,FALSE
30750,5.455932525,4.97912508,5.154604077,5.191172552,5.248802041,,,,TRUE,,TRUE,,TRUE,,TRUE,,TRUE,,TRUE
30775,5.546484711,5.257552214,5.227514147,5.239839224,5.360318602,,,,TRUE,,TRUE,,TRUE,,TRUE,,FALSE,,TRUE
30800,5.52412607,5.180532355,5.228534681,5.295075476,5.313060634,,,,TRUE,,TRUE,,TRUE,,TRUE,,TRUE,,TRUE
30825,5.61282145,5.127084982,5.121971954,5.280471821,5.29922865,,,,TRUE,,TRUE,,TRUE,,TRUE,,FALSE,,TRUE
30850,5.496844624,5.362430878,5.264174134,5.354582048,5.309624543,,,,TRUE,,TRUE,,TRUE,,TRUE,,FALSE,,FALSE
30875,5.401669055,5.305690446,5.318275586,5.15636899,5.24410135,,,,TRUE,,TRUE,,TRUE,,TRUE,,TRUE,,TRUE
30900,5.471931066,5.192649831,5.231765016,5.179422586,5.139427021,,,,TRUE,,TRUE,,TRUE,,TRUE,,TRUE,,FALSE
30925,5.58242192,5.206751516,5.243663553,5.155119512,5.171345913,,,,TRUE,,TRUE,,TRUE,,TRUE,,TRUE,,TRUE
30950,5.475245905,5.223366896,5.289748531,5.12300445,5.267632253,,,,TRUE,,TRUE,,TRUE,,TRUE,,TRUE,,TRUE
30975,5.598046289,5.119582718,5.204138335,5.184216265,5.092457137,,,,TRUE,,TRUE,,TRUE,,TRUE,,TRUE,,FALSE
31000,5.471750252,5.174813891,5.2379976,5.282155397,5.191836183,,,,TRUE,,TRUE,,TRUE,,TRUE,,TRUE,,FALSE
31025,5.43365437,5.08710255,5.184710465,5.150596957,5.171767263,,,,TRUE,,TRUE,,TRUE,,TRUE,,TRUE,,TRUE
31050,5.50715095,5.081303168,5.0476143,5.152249113,5.111784724,,,,TRUE,,TRUE,,TRUE,,TRUE,,FALSE,,FALSE
31075,5.541473568,5.075189435,5.202196273,5.282686545,5.203673967,,,,TRUE,,TRUE,,TRUE,,TRUE,,TRUE,,FALSE
31100,5.542853156,5.194516192,5.177610739,5.261831037,5.190272694,,,,TRUE,,TRUE,,TRUE,,TRUE,,FALSE,,FALSE
31125,5.412688511,5.168118202,5.232710419,5.329541777,5.158619831,,,,TRUE,,TRUE,,TRUE,,TRUE,,TRUE,,FALSE
31150,5.433316138,5.032156673,5.359413795,5.293107021,5.204655368,,,,TRUE,,TRUE,,TRUE,,TRUE,,TRUE,,FALSE
31175,5.525464926,5.072977567,5.113301558,5.204040674,5.292012354,,,,TRUE,,TRUE,,TRUE,,TRUE,,TRUE,,TRUE
31200,5.4159096,5.055526108,5.1314901,5.247812965,5.212564192,,,,TRUE,,TRUE,,TRUE,,TRUE,,TRUE,,FALSE
31225,5.374461954,5.263040704,5.314209353,5.242866766,5.18830365,,,,TRUE,,TRUE,,TRUE,,TRUE,,TRUE,,FALSE
31250,5.599289865,5.355823741,5.255327765,5.09443925,5.27519875,,,,TRUE,,TRUE,,TRUE,,TRUE,,FALSE,,TRUE
31275,5.660309596,5.172563719,5.229570496,5.155966051,5.202676276,,,,TRUE,,TRUE,,TRUE,,TRUE,,TRUE,,TRUE
31300,5.601693189,5.131783051,5.264908284,5.342253396,5.172502884,,,,TRUE,,TRUE,,TRUE,,TRUE,,TRUE,,FALSE
31325,5.521854066,5.239632418,5.311234941,5.228223703,5.301305547,,,,TRUE,,TRUE,,TRUE,,TRUE,,TRUE,,TRUE
31350,5.576192435,5.273879517,5.174783207,5.196776171,5.162721436,,,,TRUE,,TRUE,,TRUE,,TRUE,,FALSE,,FALSE
31375,5.490294174,5.334597586,5.299711651,5.062573266,5.119301319,,,,TRUE,,TRUE,,TRUE,,TRUE,,FALSE,,TRUE
31400,5.426406078,5.296001995,5.333118113,5.229216301,5.073111374,,,,TRUE,,TRUE,,TRUE,,TRUE,,TRUE,,FALSE
31425,5.525530591,5.289036251,5.269068686,5.257444007,5.191785227,,,,TRUE,,TRUE,,TRUE,,TRUE,,FALSE,,FALSE
31450,5.703653721,5.316767302,5.194770638,5.285919908,5.356306772,,,,TRUE,,TRUE,,TRUE,,TRUE,,FALSE,,TRUE
31475,5.593406652,5.427805968,5.294830413,5.202278543,5.268241929,,,,TRUE,,TRUE,,TRUE,,TRUE,,FALSE,,TRUE
31500,5.470253139,5.394275644,5.238145476,5.25358946,5.173766876,,,,TRUE,,TRUE,,TRUE,,TRUE,,FALSE,,FALSE
31525,5.625430721,5.207897367,5.209511634,5.170942632,5.189634834,,,,TRUE,,TRUE,,TRUE,,TRUE,,TRUE,,TRUE
31550,5.599159951,5.197122661,5.287742473,5.160137469,5.227829828,,,,TRUE,,TRUE,,TRUE,,TRUE,,TRUE,,TRUE
31575,5.366352571,5.016555077,5.147662577,5.173514511,5.130730091,,,,TRUE,,TRUE,,TRUE,,TRUE,,TRUE,,FALSE
31600,5.382403138,4.901436975,5.181410929,5.050448879,5.071000016,,,,TRUE,,TRUE,,TRUE,,TRUE,,TRUE,,TRUE
31625,5.374075855,5.157726427,5.321489285,5.222700714,5.154056101,,,,TRUE,,TRUE,,TRUE,,TRUE,,TRUE,,FALSE
31650,5.417591715,5.152177885,5.105656351,5.295109549,5.216045857,,,,TRUE,,TRUE,,TRUE,,TRUE,,FALSE,,FALSE
31675,5.322154448,5.090663325,5.094965153,5.097830448,5.119098911,,,,TRUE,,TRUE,,TRUE,,TRUE,,TRUE,,TRUE
31700,5.720645814,5.008977276,5.14176178,5.158443676,5.197137235,,,,TRUE,,TRUE,,TRUE,,TRUE,,TRUE,,TRUE
31725,5.482847103,5.207726907,5.130562837,5.331802594,5.179584329,,,,TRUE,,TRUE,,TRUE,,TRUE,,FALSE,,FALSE
31750,5.415696135,5.16424525,5.311566625,5.289484161,5.307081101,,,,TRUE,,TRUE,,TRUE,,TRUE,,TRUE,,TRUE
31775,5.446281161,5.130548608,5.21611985,5.174342091,5.199206253,,,,TRUE,,TRUE,,TRUE,,TRUE,,TRUE,,TRUE
31800,5.46129495,5.022985648,5.208253912,5.265993811,5.182653573,,,,TRUE,,TRUE,,TRUE,,TRUE,,TRUE,,FALSE
31825,5.480792823,4.976800642,5.002936567,5.241256146,5.280438206,,,,TRUE,,TRUE,,TRUE,,TRUE,,TRUE,,TRUE
31850,5.415802689,4.853616909,5.098005062,5.214785628,5.135049365,,,,TRUE,,TRUE,,TRUE,,TRUE,,TRUE,,FALSE
31875,5.456613948,4.943073227,5.063032641,5.294104525,4.984231861,,,,TRUE,,TRUE,,TRUE,,TRUE,,TRUE,,FALSE
31900,5.391219,4.96105958,5.160360868,5.064345346,5.137528069,,,,TRUE,,TRUE,,TRUE,,TRUE,,TRUE,,TRUE
31925,5.475844889,4.946036041,5.178103113,5.139358978,5.090019463,,,,TRUE,,TRUE,,TRUE,,TRUE,,TRUE,,FALSE
31950,5.321751704,5.154551547,5.232508885,5.056579597,5.132074244,,,,TRUE,,TRUE,,TRUE,,TRUE,,TRUE,,TRUE
31975,5.42519434,5.215525177,5.195501557,5.119103541,5.151167481,,,,TRUE,,TRUE,,TRUE,,TRUE,,FALSE,,TRUE
32000,5.491057186,5.281892479,5.28627245,5.050612847,5.166418477,,,,TRUE,,TRUE,,TRUE,,TRUE,,TRUE,,TRUE
32025,5.467219576,5.068551246,5.228141198,4.983514065,4.93983353,,,,TRUE,,TRUE,,TRUE,,TRUE,,TRUE,,FALSE
32050,5.5306085,5.05304269,5.038676074,4.970601549,5.026150288,,,,TRUE,,TRUE,,TRUE,,TRUE,,FALSE,,TRUE
32075,5.537164223,5.210373122,5.286303486,5.141713361,5.050437712,,,,TRUE,,TRUE,,TRUE,,TRUE,,TRUE,,FALSE
32100,5.481621905,5.184659533,5.207849652,5.069838121,5.08972868,,,,TRUE,,TRUE,,TRUE,,TRUE,,TRUE,,TRUE
32125,5.383786187,5.199831242,5.097095869,5.091173041,5.133508156,,,,TRUE,,TRUE,,TRUE,,TRUE,,FALSE,,TRUE
32150,5.575876143,5.126437799,4.920556048,5.149063428,5.062651786,,,,TRUE,,TRUE,,TRUE,,TRUE,,FALSE,,FALSE
32175,5.558283585,5.067105889,5.072926158,5.168871848,4.962916951,,,,TRUE,,TRUE,,TRUE,,TRUE,,TRUE,,FALSE
32200,5.292763089,5.05600345,5.058317056,5.129943568,5.18389998,,,,TRUE,,TRUE,,TRUE,,TRUE,,TRUE,,TRUE
32225,5.41645356,5.191580762,5.062690902,5.141921731,5.202297314,,,,TRUE,,TRUE,,TRUE,,TRUE,,FALSE,,TRUE
32250,5.412632406,5.192204841,5.07179042,5.15561018,5.20355075,,,,TRUE,,TRUE,,TRUE,,TRUE,,FALSE,,TRUE
32275,5.616581769,5.196264208,5.201145382,5.129823325,5.154801373,,,,TRUE,,TRUE,,TRUE,,TRUE,,TRUE,,TRUE
32300,5.456028738,5.259867055,5.167200565,5.202897978,5.22401208,,,,TRUE,,TRUE,,TRUE,,TRUE,,FALSE,,TRUE
32325,5.57311296,5.277047509,5.103626997,5.146157764,5.254068231,,,,TRUE,,TRUE,,TRUE,,TRUE,,FALSE,,TRUE
32350,5.51773387,5.213208608,5.30170132,5.102055608,5.25202376,,,,TRUE,,TRUE,,TRUE,,TRUE,,TRUE,,TRUE
32375,5.439512461,5.173919714,5.250535181,5.172947704,5.154002482,,,,TRUE,,TRUE,,TRUE,,TRUE,,TRUE,,FALSE
32400,5.489606639,5.192928063,5.285267745,5.202350368,5.065691377,,,,TRUE,,TRUE,,TRUE,,TRUE,,TRUE,,FALSE
32425,5.610310388,5.146879874,5.171473924,5.268843382,5.117874954,,,,TRUE,,TRUE,,TRUE,,TRUE,,TRUE,,FALSE
32450,5.546794708,5.219388212,5.106304876,5.27856871,5.182696683,,,,TRUE,,TRUE,,TRUE,,TRUE,,FALSE,,FALSE
32475,5.418489797,5.225858768,5.202219234,5.139427746,5.097307729,,,,TRUE,,TRUE,,TRUE,,TRUE,,FALSE,,FALSE
32500,5.561009901,5.147767362,5.266806769,5.127879742,5.178614343,,,,TRUE,,TRUE,,TRUE,,TRUE,,TRUE,,TRUE
32525,5.584463011,5.224048392,5.255147281,5.062197226,5.231154917,,,,TRUE,,TRUE,,TRUE,,TRUE,,TRUE,,TRUE
32550,5.480150279,5.170973697,5.326570489,5.179031579,5.214575267,,,,TRUE,,TRUE,,TRUE,,TRUE,,TRUE,,TRUE
32575,5.446693674,5.295802138,5.3215578,5.120170857,5.138565256,,,,TRUE,,TRUE,,TRUE,,TRUE,,TRUE,,TRUE
32600,5.60373078,5.140175067,5.286823524,5.270374002,5.106125318,,,,TRUE,,TRUE,,TRUE,,TRUE,,TRUE,,FALSE
32625,5.458224062,5.106646775,5.205503889,5.302012035,5.293554666,,,,TRUE,,TRUE,,TRUE,,TRUE,,TRUE,,FALSE
32650,5.405003764,5.070265868,5.263008238,5.244157167,5.229910668,,,,TRUE,,TRUE,,TRUE,,TRUE,,TRUE,,FALSE
32675,5.588898596,5.012724215,5.280451757,5.205244526,5.049563511,,,,TRUE,,TRUE,,TRUE,,TRUE,,TRUE,,FALSE
32700,5.604498954,5.102391519,5.235486587,5.184692271,5.137727555,,,,TRUE,,TRUE,,TRUE,,TRUE,,TRUE,,FALSE
32725,5.493814401,4.962695763,5.12950501,5.086421364,4.996009999,,,,TRUE,,TRUE,,TRUE,,TRUE,,TRUE,,FALSE
32750,5.537754988,5.131906928,5.105950821,5.128564647,5.096246284,,,,TRUE,,TRUE,,TRUE,,TRUE,,FALSE,,FALSE
32775,5.461474658,4.891638925,5.051773173,4.962365794,5.296802819,,,,TRUE,,TRUE,,TRUE,,TRUE,,TRUE,,TRUE
32800,5.405220801,4.959626116,5.029351403,5.098810295,5.314014524,,,,TRUE,,TRUE,,TRUE,,TRUE,,TRUE,,TRUE
32825,5.354027392,5.083840157,5.100665611,4.98240608,5.078504011,,,,TRUE,,TRUE,,TRUE,,TRUE,,TRUE,,TRUE
32850,5.410665094,5.095518693,5.117441261,4.955192165,5.083082831,,,,TRUE,,TRUE,,TRUE,,TRUE,,TRUE,,TRUE
32875,5.541876614,4.927816248,5.044266927,4.889607958,5.109336318,,,,TRUE,,TRUE,,TRUE,,TRUE,,TRUE,,TRUE
32900,5.317692284,4.9534439,5.137570714,4.934408266,4.98984965,,,,TRUE,,TRUE,,TRUE,,TRUE,,TRUE,,TRUE
32925,5.418109451,5.213858722,5.090308064,4.970624253,5.01271403,,,,TRUE,,TRUE,,TRUE,,TRUE,,FALSE,,TRUE
32950,5.512897237,5.080421866,5.247627902,5.082287157,5.164321904,,,,TRUE,,TRUE,,TRUE,,TRUE,,TRUE,,TRUE
32975,5.522985296,5.0930703,5.094497029,5.092499088,5.134674691,,,,TRUE,,TRUE,,TRUE,,TRUE,,TRUE,,TRUE
33000,5.509375445,5.063811705,5.197325938,5.069531156,5.078587471,,,,TRUE,,TRUE,,TRUE,,TRUE,,TRUE,,TRUE
33025,5.629883236,5.073737581,5.292915743,5.101866313,5.123560364,,,,TRUE,,TRUE,,TRUE,,TRUE,,TRUE,,TRUE
33050,5.51990447,4.99752978,5.051002788,5.037369218,4.890282539,,,,TRUE,,TRUE,,TRUE,,TRUE,,TRUE,,FALSE
33075,5.562672501,5.037099422,5.092921708,5.030421668,5.144664209,,,,TRUE,,TRUE,,TRUE,,TRUE,,TRUE,,TRUE
33100,5.496601741,5.228668012,5.232220796,5.012870008,4.999991195,,,,TRUE,,TRUE,,TRUE,,TRUE,,TRUE,,FALSE
33125,5.508403372,5.083923946,5.198232807,4.972976277,5.072450069,,,,TRUE,,TRUE,,TRUE,,TRUE,,TRUE,,TRUE
33150,5.406097174,5.114783339,5.006054058,4.897912817,5.045245099,,,,TRUE,,TRUE,,TRUE,,TRUE,,FALSE,,TRUE
33175,5.484190611,5.133398198,5.114931752,5.214331852,5.183507444,,,,TRUE,,TRUE,,TRUE,,TRUE,,FALSE,,FALSE
33200,5.403823967,5.098978735,5.307965033,5.074471917,5.072898166,,,,TRUE,,TRUE,,TRUE,,TRUE,,TRUE,,FALSE
33225,5.563947352,5.113844448,5.088418482,5.013568802,5.045653764,,,,TRUE,,TRUE,,TRUE,,TRUE,,FALSE,,TRUE
33250,5.486496485,5.049415131,5.070969212,5.166367919,5.172402278,,,,TRUE,,TRUE,,TRUE,,TRUE,,TRUE,,TRUE
33275,5.648123289,5.011884715,5.246177073,5.13636496,5.169965203,,,,TRUE,,TRUE,,TRUE,,TRUE,,TRUE,,TRUE
33300,5.565701699,5.03750909,5.358695571,5.245742261,5.269394246,,,,TRUE,,TRUE,,TRUE,,TRUE,,TRUE,,TRUE
33325,5.659820599,5.162622644,5.314582098,5.164654624,5.167031839,,,,TRUE,,TRUE,,TRUE,,TRUE,,TRUE,,TRUE
33350,5.662790846,5.329439771,5.319205563,5.215897207,5.155546384,,,,TRUE,,TRUE,,TRUE,,TRUE,,FALSE,,FALSE
33375,5.441731081,5.305062318,5.130847028,4.99545261,5.192516217,,,,TRUE,,TRUE,,TRUE,,TRUE,,FALSE,,TRUE
33400,5.562478629,5.219238976,5.152931132,5.016296209,5.005290277,,,,TRUE,,TRUE,,TRUE,,TRUE,,FALSE,,FALSE
33425,5.484682847,5.1982297,5.039010099,5.002208351,5.122788869,,,,TRUE,,TRUE,,TRUE,,TRUE,,FALSE,,TRUE
33450,5.401152472,4.933863115,5.146548028,4.859138638,5.014602169,,,,TRUE,,TRUE,,TRUE,,TRUE,,TRUE,,TRUE
33475,5.408413669,5.077111944,5.020789738,5.102560486,5.060514231,,,,TRUE,,TRUE,,TRUE,,TRUE,,FALSE,,FALSE
33500,5.504766846,4.931350075,4.993168711,5.025440272,5.000761643,,,,TRUE,,TRUE,,TRUE,,TRUE,,TRUE,,FALSE
33525,5.421275377,4.890557975,4.979429266,5.07331793,5.007687524,,,,TRUE,,TRUE,,TRUE,,TRUE,,TRUE,,FALSE
33550,5.424704796,4.864708403,5.006230363,5.106454113,4.962231446,,,,TRUE,,TRUE,,TRUE,,TRUE,,TRUE,,FALSE
33575,5.485071187,4.8562306,4.889315002,5.103727506,5.077182242,,,,TRUE,,TRUE,,TRUE,,TRUE,,TRUE,,FALSE
33600,5.407227836,5.008422541,5.21736873,5.088030178,4.958581299,,,,TRUE,,TRUE,,TRUE,,TRUE,,TRUE,,FALSE
33625,5.518193433,4.891602003,5.172148162,5.03115479,4.942033974,,,,TRUE,,TRUE,,TRUE,,TRUE,,TRUE,,FALSE
33650,5.423469387,5.018331409,5.21304744,5.190776202,4.865139131,,,,TRUE,,TRUE,,TRUE,,TRUE,,TRUE,,FALSE
33675,5.637732803,5.000619862,5.157663029,5.003310511,5.032878305,,,,TRUE,,TRUE,,TRUE,,TRUE,,TRUE,,TRUE
33700,5.580410274,5.152296822,5.178535323,4.975409663,4.950594333,,,,TRUE,,TRUE,,TRUE,,TRUE,,TRUE,,FALSE
33725,5.657791442,5.269974463,5.238026166,5.122653368,5.063268057,,,,TRUE,,TRUE,,TRUE,,TRUE,,FALSE,,FALSE
33750,5.565705559,5.022347212,5.098738598,5.025607652,5.166236752,,,,TRUE,,TRUE,,TRUE,,TRUE,,TRUE,,TRUE
33775,5.488612132,4.967004705,5.035887075,5.034875048,5.027461414,,,,TRUE,,TRUE,,TRUE,,TRUE,,TRUE,,FALSE
33800,5.543046364,5.178226631,5.228111487,5.145816715,5.358540699,,,,TRUE,,TRUE,,TRUE,,TRUE,,TRUE,,TRUE
33825,5.510758462,5.456770885,5.327874565,5.099136865,5.146964271,,,,TRUE,,TRUE,,TRUE,,TRUE,,FALSE,,TRUE
33850,5.428989292,5.149800068,5.240392161,5.012604673,4.991433687,,,,TRUE,,TRUE,,TRUE,,TRUE,,TRUE,,FALSE
33875,5.497686235,5.171030973,5.273231584,5.077209553,5.227639127,,,,TRUE,,TRUE,,TRUE,,TRUE,,TRUE,,TRUE
33900,5.450896858,5.062750129,5.235536982,4.966862808,5.145779197,,,,TRUE,,TRUE,,TRUE,,TRUE,,TRUE,,TRUE
33925,5.454735842,5.192208253,5.088469153,4.882641238,5.128484005,,,,TRUE,,TRUE,,TRUE,,TRUE,,FALSE,,TRUE
33950,5.563688714,5.023468791,5.047365902,5.066222854,5.014518252,,,,TRUE,,TRUE,,TRUE,,TRUE,,TRUE,,FALSE
33975,5.391708085,4.983877709,4.999852646,5.108822372,5.12684998,,,,TRUE,,TRUE,,TRUE,,TRUE,,TRUE,,TRUE
34000,5.467188784,4.971197467,5.028597961,5.158177082,5.047533623,,,,TRUE,,TRUE,,TRUE,,TRUE,,TRUE,,FALSE
34025,5.425688298,5.030016651,5.303151946,5.172643093,5.065700116,,,,TRUE,,TRUE,,TRUE,,TRUE,,TRUE,,FALSE
34050,5.41336796,4.991690773,5.084058144,5.085986492,4.963064791,,,,TRUE,,TRUE,,TRUE,,TRUE,,TRUE,,FALSE
34075,5.493475679,4.913165161,5.026908342,5.155875036,4.967241043,,,,TRUE,,TRUE,,TRUE,,TRUE,,TRUE,,FALSE
34100,5.380548261,4.851142155,4.962370827,5.22645398,5.00789427,,,,TRUE,,TRUE,,TRUE,,TRUE,,TRUE,,FALSE
34125,5.463384975,5.039014001,5.105115361,5.058199828,5.017251141,,,,TRUE,,TRUE,,TRUE,,TRUE,,TRUE,,FALSE
34150,5.370338738,5.124867883,5.030078117,4.88636755,4.909488255,,,,TRUE,,TRUE,,TRUE,,TRUE,,FALSE,,TRUE
34175,5.354114275,5.001932217,4.848391736,4.97011463,4.885259213,,,,TRUE,,TRUE,,TRUE,,TRUE,,FALSE,,FALSE
34200,5.354790749,5.297559889,5.114722314,5.110504254,4.990995647,,,,TRUE,,TRUE,,TRUE,,TRUE,,FALSE,,FALSE
34225,5.475478449,5.082127237,5.080966094,4.892790654,4.801498514,,,,TRUE,,TRUE,,TRUE,,TRUE,,FALSE,,FALSE
34250,5.484777426,4.933313945,5.090894537,5.095185636,4.872006293,,,,TRUE,,TRUE,,TRUE,,TRUE,,TRUE,,FALSE
34275,5.391330479,5.14620803,5.341403648,5.067090914,4.942540397,,,,TRUE,,TRUE,,TRUE,,TRUE,,TRUE,,FALSE
34300,5.435372545,5.055669888,5.22412728,4.930419139,4.958886978,,,,TRUE,,TRUE,,TRUE,,TRUE,,TRUE,,TRUE
34325,5.33465307,5.165768965,5.176958065,5.07571952,5.14458725,,,,TRUE,,TRUE,,TRUE,,TRUE,,TRUE,,TRUE
34350,5.519946854,5.188314948,5.155456348,5.056185251,5.02366269,,,,TRUE,,TRUE,,TRUE,,TRUE,,FALSE,,FALSE
34375,5.559277326,5.22099264,5.129289298,5.072260772,5.068468249,,,,TRUE,,TRUE,,TRUE,,TRUE,,FALSE,,FALSE
34400,5.607117325,5.104260177,5.216186357,5.097092832,4.996409699,,,,TRUE,,TRUE,,TRUE,,TRUE,,TRUE,,FALSE
34425,5.504264104,5.167352559,5.103161614,5.059654685,5.11234506,,,,TRUE,,TRUE,,TRUE,,TRUE,,FALSE,,TRUE
34450,5.597943158,5.197128189,5.196573804,5.110572155,5.103530945,,,,TRUE,,TRUE,,TRUE,,TRUE,,FALSE,,FALSE
34475,5.587912704,5.139832702,5.189025006,5.089059863,5.073623507,,,,TRUE,,TRUE,,TRUE,,TRUE,,TRUE,,FALSE
34500,5.478373189,5.084005123,5.10386782,5.111638743,5.04245307,,,,TRUE,,TRUE,,TRUE,,TRUE,,TRUE,,FALSE
34525,5.459244014,5.164589594,5.332536903,5.1071079,5.212768904,,,,TRUE,,TRUE,,TRUE,,TRUE,,TRUE,,TRUE
34550,5.410074438,5.228948664,5.222375546,5.004545775,5.226911618,,,,TRUE,,TRUE,,TRUE,,TRUE,,FALSE,,TRUE
34575,5.48484818,5.174124499,5.015077131,4.998155703,5.075435897,,,,TRUE,,TRUE,,TRUE,,TRUE,,FALSE,,TRUE
34600,5.516983821,5.188423334,5.228152687,5.046785632,5.150196449,,,,TRUE,,TRUE,,TRUE,,TRUE,,TRUE,,TRUE
34625,5.35731317,5.200381806,5.279789048,5.130962823,4.982519687,,,,TRUE,,TRUE,,TRUE,,TRUE,,TRUE,,FALSE
34650,5.426472308,5.112160834,5.250089914,5.260285144,5.042349013,,,,TRUE,,TRUE,,TRUE,,TRUE,,TRUE,,FALSE
34675,5.510196502,5.144304534,5.055939828,5.193814841,5.064025356,,,,TRUE,,TRUE,,TRUE,,TRUE,,FALSE,,FALSE
34700,5.564933463,5.229100691,5.442729814,5.246497139,5.228173897,,,,TRUE,,TRUE,,TRUE,,TRUE,,TRUE,,FALSE
34725,5.566507261,5.084780461,5.321227129,5.211807053,5.191716213,,,,TRUE,,TRUE,,TRUE,,TRUE,,TRUE,,FALSE
34750,5.611851669,5.219132364,5.250049261,5.057215252,5.155612163,,,,TRUE,,TRUE,,TRUE,,TRUE,,TRUE,,TRUE
34775,5.495476506,5.111996285,5.226461284,5.173568313,5.089848107,,,,TRUE,,TRUE,,TRUE,,TRUE,,TRUE,,FALSE
34800,5.379130411,4.976505482,5.222105845,5.150778298,5.108674869,,,,TRUE,,TRUE,,TRUE,,TRUE,,TRUE,,FALSE
34825,5.462039574,4.964704691,5.164182964,5.143878845,4.999431843,,,,TRUE,,TRUE,,TRUE,,TRUE,,TRUE,,FALSE
34850,5.476825659,5.052263078,5.340927239,5.034780083,4.957466638,,,,TRUE,,TRUE,,TRUE,,TRUE,,TRUE,,FALSE
34875,5.355099793,4.911994645,5.031189151,4.989540613,4.943997974,,,,TRUE,,TRUE,,TRUE,,TRUE,,TRUE,,FALSE
34900,5.300043035,4.992634794,5.118281448,5.041070443,4.93091033,,,,TRUE,,TRUE,,TRUE,,TRUE,,TRUE,,FALSE
34925,5.480892622,4.929463829,5.175691187,5.01038624,4.93342577,,,,TRUE,,TRUE,,TRUE,,TRUE,,TRUE,,FALSE
34950,5.414443884,4.993442369,4.971466245,4.810694868,4.895789981,,,,TRUE,,TRUE,,TRUE,,TRUE,,FALSE,,TRUE
34975,5.326819602,4.906104047,4.878810261,4.962316889,4.924246818,,,,TRUE,,TRUE,,TRUE,,TRUE,,FALSE,,FALSE
35000,5.213440092,5.222318671,4.975214776,5.038752778,4.985460748,,,,FALSE,,TRUE,,TRUE,,TRUE,,FALSE,,FALSE
35025,5.312027071,4.937441832,5.056749789,4.906057485,4.784726836,,,,TRUE,,TRUE,,TRUE,,TRUE,,TRUE,,FALSE
35050,5.420944623,5.063022602,5.198335264,5.062174832,4.860202081,,,,TRUE,,TRUE,,TRUE,,TRUE,,TRUE,,FALSE
35075,5.440840711,5.012344058,4.974768223,5.056956193,4.813021904,,,,TRUE,,TRUE,,TRUE,,TRUE,,FALSE,,FALSE
35100,5.421654209,5.051386422,4.976240281,4.99776657,4.836187834,,,,TRUE,,TRUE,,TRUE,,TRUE,,FALSE,,FALSE
35125,5.466546361,5.165980806,5.136072834,5.135956319,4.998932745,,,,TRUE,,TRUE,,TRUE,,TRUE,,FALSE,,FALSE
35150,5.308755719,5.095355869,5.249838314,5.05183629,4.930200615,,,,TRUE,,TRUE,,TRUE,,TRUE,,TRUE,,FALSE
35175,5.3999694,5.092444527,5.276984199,5.003986644,4.944266682,,,,TRUE,,TRUE,,TRUE,,TRUE,,TRUE,,FALSE
35200,5.404502044,5.108881937,5.171467363,5.033147284,5.155216644,,,,TRUE,,TRUE,,TRUE,,TRUE,,TRUE,,TRUE
35225,5.42860292,4.858602507,5.014906661,4.972192742,5.129906585,,,,TRUE,,TRUE,,TRUE,,TRUE,,TRUE,,TRUE
35250,5.298667861,5.116918169,5.144813014,4.946473961,5.018015216,,,,TRUE,,TRUE,,TRUE,,TRUE,,TRUE,,TRUE
35275,5.419796576,5.249159524,5.291815227,5.096552664,4.982320491,,,,TRUE,,TRUE,,TRUE,,TRUE,,TRUE,,FALSE
35300,5.504592473,5.178041903,5.258244304,5.089810188,5.027919297,,,,TRUE,,TRUE,,TRUE,,TRUE,,TRUE,,FALSE
35325,5.462547779,5.149248783,5.239160885,5.011724094,5.047467342,,,,TRUE,,TRUE,,TRUE,,TRUE,,TRUE,,TRUE
35350,5.563348021,4.899278038,5.068431004,4.987150619,5.033508997,,,,TRUE,,TRUE,,TRUE,,TRUE,,TRUE,,TRUE
35375,5.483913628,4.912396653,4.954908108,5.035936955,5.014469095,,,,TRUE,,TRUE,,TRUE,,TRUE,,TRUE,,FALSE
35400,5.435542055,5.040573785,4.98476393,5.072451184,4.942469288,,,,TRUE,,TRUE,,TRUE,,TRUE,,FALSE,,FALSE
35425,5.476838919,4.866890544,4.910048166,5.054631171,4.871040246,,,,TRUE,,TRUE,,TRUE,,TRUE,,TRUE,,FALSE
35450,5.445356521,4.85104564,5.029043003,4.859892499,4.797265097,,,,TRUE,,TRUE,,TRUE,,TRUE,,TRUE,,FALSE
35475,5.457525604,5.064767322,5.089851922,4.866207952,4.987121799,,,,TRUE,,TRUE,,TRUE,,TRUE,,TRUE,,TRUE
35500,5.48514183,5.162942482,5.118373812,4.836328321,5.00730072,,,,TRUE,,TRUE,,TRUE,,TRUE,,FALSE,,TRUE
35525,5.422685435,5.0872679,5.060138151,4.952264738,4.878061956,,,,TRUE,,TRUE,,TRUE,,TRUE,,FALSE,,FALSE
35550,5.48379533,5.071756139,5.077015703,4.992695991,5.048544389,,,,TRUE,,TRUE,,TRUE,,TRUE,,TRUE,,TRUE
35575,5.566940189,4.924949345,5.049008996,4.997848458,4.982257793,,,,TRUE,,TRUE,,TRUE,,TRUE,,TRUE,,FALSE
35600,5.569526759,4.858532396,5.01463058,5.025671,5.005204245,,,,TRUE,,TRUE,,TRUE,,TRUE,,TRUE,,FALSE
35625,5.445339309,4.875483016,4.97553442,5.041052009,5.058769986,,,,TRUE,,TRUE,,TRUE,,TRUE,,TRUE,,TRUE
35650,5.624750348,4.877282312,5.118023831,5.070704491,5.074600468,,,,TRUE,,TRUE,,TRUE,,TRUE,,TRUE,,TRUE
35675,5.602390086,4.76288884,5.166268989,4.998751314,4.978504429,,,,TRUE,,TRUE,,TRUE,,TRUE,,TRUE,,FALSE
35700,5.470204071,5.132125984,5.302420009,5.166624206,5.029527041,,,,TRUE,,TRUE,,TRUE,,TRUE,,TRUE,,FALSE
35725,5.429044165,5.163878914,5.207601021,5.159785951,5.027282138,,,,TRUE,,TRUE,,TRUE,,TRUE,,TRUE,,FALSE
35750,5.814576669,5.130602194,5.118251508,5.114250271,4.988334256,,,,TRUE,,TRUE,,TRUE,,TRUE,,FALSE,,FALSE
35775,5.552613652,5.120770013,5.361048053,5.236411616,4.979160902,,,,TRUE,,TRUE,,TRUE,,TRUE,,TRUE,,FALSE
35800,5.673446257,5.20806834,5.160113128,5.135424978,5.080018203,,,,TRUE,,TRUE,,TRUE,,TRUE,,FALSE,,FALSE
35825,5.493319617,5.26128136,5.326162915,5.282925877,5.041599539,,,,TRUE,,TRUE,,TRUE,,TRUE,,TRUE,,FALSE
35850,5.484373169,5.187803085,5.372384404,5.288308497,5.118362676,,,,TRUE,,TRUE,,TRUE,,TRUE,,TRUE,,FALSE
35875,5.519751275,5.374945262,5.259723224,5.118349845,5.114857706,,,,TRUE,,TRUE,,TRUE,,TRUE,,FALSE,,FALSE
35900,5.355316845,5.085298912,5.000442627,4.94752796,5.00033229,,,,TRUE,,TRUE,,TRUE,,TRUE,,FALSE,,TRUE
35925,5.530755227,5.179564807,5.134237089,4.867029615,4.844411516,,,,TRUE,,TRUE,,TRUE,,TRUE,,FALSE,,FALSE
35950,5.35566063,4.990680279,4.979930756,4.953835563,4.938664534,,,,TRUE,,TRUE,,TRUE,,TRUE,,FALSE,,FALSE
35975,5.430146098,4.973799417,5.009982418,5.004919112,4.963784176,,,,TRUE,,TRUE,,TRUE,,TRUE,,TRUE,,FALSE
36000,5.38565476,5.269786262,5.25734948,5.05099427,4.957808733,,,,TRUE,,TRUE,,TRUE,,TRUE,,FALSE,,FALSE
,5.918178178,5.553681878,5.757223135,5.679338594,5.667477268,,,,,,,,,,,,,,
,0.707045403,0.750864513,0.708185685,0.713486021,0.711472519,,,,,,,,,,,,,,
,,-0.364496301,-0.160955043,-0.238839585,-0.25070091,,,,,,,,,,,,,,
,,0.04381911,0.001140283,0.006440618,0.004427116,,,,,,,,,,,,,,
